"../../../Engine/Plugins/2D/Paper2D/Content/PlaceholderTextures/DummySpriteTexture.ubulk" 0
"../../../Engine/Plugins/2D/Paper2D/Content/PlaceholderTextures/DummySpriteTexture.uasset" 1
"../../../Engine/Plugins/2D/Paper2D/Content/PlaceholderTextures/DummySpriteTexture.uexp" 2
"../../../Engine/Plugins/2D/Paper2D/Content/DummySprite.uasset" 3
"../../../Engine/Plugins/2D/Paper2D/Content/DummySprite.uexp" 4
"../../../Engine/Plugins/2D/Paper2D/Content/DefaultPaperTerrainMaterial.uasset" 5
"../../../Engine/Plugins/2D/Paper2D/Content/DefaultPaperTerrainMaterial.uexp" 6
"../../../Engine/Plugins/Animation/ACLPlugin/Content/ACLAnimBoneCompressionSettings.uasset" 7
"../../../Engine/Plugins/Animation/ACLPlugin/Content/ACLAnimBoneCompressionSettings.uexp" 8
"../../../Engine/Content/EngineFonts/Faces/DroidSansFallback.uexp" 9
"../../../Engine/Content/EngineFonts/Faces/DroidSansFallback.uasset" 10
"../../../Engine/Content/EngineFonts/Faces/DroidSansFallback.ufont" 11
"../../../Engine/Content/EngineFonts/Faces/RobotoBold.uexp" 12
"../../../Engine/Content/EngineFonts/Faces/RobotoBold.uasset" 13
"../../../Engine/Content/EngineFonts/Faces/RobotoBold.ufont" 14
"../../../Engine/Content/EngineFonts/Faces/RobotoBoldItalic.uexp" 15
"../../../Engine/Content/EngineFonts/Faces/RobotoBoldItalic.uasset" 16
"../../../Engine/Content/EngineFonts/Faces/RobotoBoldItalic.ufont" 17
"../../../Engine/Content/EngineFonts/Faces/RobotoItalic.uexp" 18
"../../../Engine/Content/EngineFonts/Faces/RobotoItalic.uasset" 19
"../../../Engine/Content/EngineFonts/Faces/RobotoItalic.ufont" 20
"../../../Engine/Content/EngineFonts/Faces/RobotoLight.uexp" 21
"../../../Engine/Content/EngineFonts/Faces/RobotoLight.uasset" 22
"../../../Engine/Content/EngineFonts/Faces/RobotoLight.ufont" 23
"../../../Engine/Content/EngineFonts/Faces/RobotoRegular.uexp" 24
"../../../Engine/Content/EngineFonts/Faces/RobotoRegular.uasset" 25
"../../../Engine/Content/EngineFonts/Faces/RobotoRegular.ufont" 26
"../../../Engine/Content/EngineFonts/Roboto.uasset" 27
"../../../Engine/Content/EngineFonts/Roboto.uexp" 28
"../../../Engine/Content/EngineMaterials/DefaultDestructiblePhysicalMaterial.uasset" 29
"../../../Engine/Content/EngineMaterials/DefaultDestructiblePhysicalMaterial.uexp" 30
"../../../Engine/Content/EngineMaterials/DefaultPhysicalMaterial.uasset" 31
"../../../Engine/Content/EngineMaterials/DefaultPhysicalMaterial.uexp" 32
"../../../Engine/Content/EngineSounds/Master.uasset" 33
"../../../Engine/Content/EngineSounds/Master.uexp" 34
"../../../Engine/Plugins/Interchange/Runtime/Content/Pipelines/DefaultAssetsPipeline.uasset" 35
"../../../Engine/Plugins/Interchange/Runtime/Content/Pipelines/DefaultAssetsPipeline.uexp" 36
"../../../Engine/Plugins/Interchange/Runtime/Content/Pipelines/DefaultAudioPipeline.uasset" 37
"../../../Engine/Plugins/Interchange/Runtime/Content/Pipelines/DefaultAudioPipeline.uexp" 38
"../../../Engine/Plugins/Interchange/Runtime/Content/Pipelines/DefaultGLTFAssetsPipeline.uasset" 39
"../../../Engine/Plugins/Interchange/Runtime/Content/Pipelines/DefaultGLTFAssetsPipeline.uexp" 40
"../../../Engine/Plugins/Interchange/Runtime/Content/Pipelines/DefaultGLTFPipeline.uasset" 41
"../../../Engine/Plugins/Interchange/Runtime/Content/Pipelines/DefaultGLTFPipeline.uexp" 42
"../../../Engine/Plugins/Interchange/Runtime/Content/Pipelines/DefaultGLTFSceneAssetsPipeline.uasset" 43
"../../../Engine/Plugins/Interchange/Runtime/Content/Pipelines/DefaultGLTFSceneAssetsPipeline.uexp" 44
"../../../Engine/Plugins/Interchange/Runtime/Content/Pipelines/DefaultMaterialPipeline.uasset" 45
"../../../Engine/Plugins/Interchange/Runtime/Content/Pipelines/DefaultMaterialPipeline.uexp" 46
"../../../Engine/Plugins/Interchange/Runtime/Content/Pipelines/DefaultMaterialXPipeline.uasset" 47
"../../../Engine/Plugins/Interchange/Runtime/Content/Pipelines/DefaultMaterialXPipeline.uexp" 48
"../../../Engine/Plugins/Interchange/Runtime/Content/Pipelines/DefaultSceneAssetsPipeline.uasset" 49
"../../../Engine/Plugins/Interchange/Runtime/Content/Pipelines/DefaultSceneAssetsPipeline.uexp" 50
"../../../Engine/Plugins/Interchange/Runtime/Content/Pipelines/DefaultSceneLevelPipeline.uasset" 51
"../../../Engine/Plugins/Interchange/Runtime/Content/Pipelines/DefaultSceneLevelPipeline.uexp" 52
"../../../Engine/Plugins/Interchange/Runtime/Content/Pipelines/DefaultTexturePipeline.uasset" 53
"../../../Engine/Plugins/Interchange/Runtime/Content/Pipelines/DefaultTexturePipeline.uexp" 54
"../../../Engine/Content/Functions/Engine_MaterialFunctions02/Utility/MakeFloat3.uasset" 55
"../../../Engine/Content/Functions/Engine_MaterialFunctions02/Utility/MakeFloat3.uexp" 56
"../../../Engine/Content/Functions/Engine_MaterialFunctions02/SplitComponents.uasset" 57
"../../../Engine/Content/Functions/Engine_MaterialFunctions02/SplitComponents.uexp" 58
"../../../Engine/Content/Functions/Engine_MaterialFunctions02/Utility/BreakOutFloat3Components.uasset" 59
"../../../Engine/Content/Functions/Engine_MaterialFunctions02/Utility/BreakOutFloat3Components.uexp" 60
"../../../Engine/Content/Functions/Engine_MaterialFunctions02/Math/Transform3x3Matrix.uasset" 61
"../../../Engine/Content/Functions/Engine_MaterialFunctions02/Math/Transform3x3Matrix.uexp" 62
"../../../Engine/Content/VREditor/SnapGrid/SnapGridMaterial.uasset" 63
"../../../Engine/Content/VREditor/SnapGrid/SnapGridMaterial.uexp" 64
"../../../Engine/Content/VREditor/SnapGrid/SnapGridPlaneMesh.ubulk" 65
"../../../Engine/Content/VREditor/SnapGrid/SnapGridPlaneMesh.uasset" 66
"../../../Engine/Content/VREditor/SnapGrid/SnapGridPlaneMesh.uexp" 67
"../../../Engine/Content/VREditor/LaserPointer/VR_LaserPower_01.ubulk" 68
"../../../Engine/Content/VREditor/LaserPointer/VR_LaserPower_01.uasset" 69
"../../../Engine/Content/VREditor/LaserPointer/VR_LaserPower_01.uexp" 70
"../../../Engine/Content/VREditor/TransformGizmo/TransformGizmoMaterial.uasset" 71
"../../../Engine/Content/VREditor/TransformGizmo/TransformGizmoMaterial.uexp" 72
"../../../Engine/Content/VREditor/TransformGizmo/TranslucentTransformGizmoMaterial.uasset" 73
"../../../Engine/Content/VREditor/TransformGizmo/TranslucentTransformGizmoMaterial.uexp" 74
"../../../Engine/Content/VREditor/TransformGizmo/PlaneTranslationHandle.ubulk" 75
"../../../Engine/Content/VREditor/TransformGizmo/PlaneTranslationHandle.uasset" 76
"../../../Engine/Content/VREditor/TransformGizmo/PlaneTranslationHandle.uexp" 77
"../../../Engine/Content/VREditor/TransformGizmo/RotationHandleFull.ubulk" 78
"../../../Engine/Content/VREditor/TransformGizmo/RotationHandleFull.uasset" 79
"../../../Engine/Content/VREditor/TransformGizmo/RotationHandleFull.uexp" 80
"../../../Engine/Content/VREditor/TransformGizmo/RotationHandleIndicator.ubulk" 81
"../../../Engine/Content/VREditor/TransformGizmo/RotationHandleIndicator.uasset" 82
"../../../Engine/Content/VREditor/TransformGizmo/RotationHandleIndicator.uexp" 83
"../../../Engine/Content/VREditor/TransformGizmo/RotationHandleQuarter.ubulk" 84
"../../../Engine/Content/VREditor/TransformGizmo/RotationHandleQuarter.uasset" 85
"../../../Engine/Content/VREditor/TransformGizmo/RotationHandleQuarter.uexp" 86
"../../../Engine/Content/VREditor/TransformGizmo/StartRotationHandleIndicator.ubulk" 87
"../../../Engine/Content/VREditor/TransformGizmo/StartRotationHandleIndicator.uasset" 88
"../../../Engine/Content/VREditor/TransformGizmo/StartRotationHandleIndicator.uexp" 89
"../../../Engine/Content/VREditor/TransformGizmo/TranslucentTransformGizmoMaterial_Inst.uasset" 90
"../../../Engine/Content/VREditor/TransformGizmo/TranslucentTransformGizmoMaterial_Inst.uexp" 91
"../../../Engine/Content/VREditor/TransformGizmo/TransformGizmoFreeRotation.ubulk" 92
"../../../Engine/Content/VREditor/TransformGizmo/TransformGizmoFreeRotation.uasset" 93
"../../../Engine/Content/VREditor/TransformGizmo/TransformGizmoFreeRotation.uexp" 94
"../../../Engine/Content/VREditor/TransformGizmo/TransformGizmoMaterial_Inst.uasset" 95
"../../../Engine/Content/VREditor/TransformGizmo/TransformGizmoMaterial_Inst.uexp" 96
"../../../Engine/Content/VREditor/TransformGizmo/TranslateArrowHandle.ubulk" 97
"../../../Engine/Content/VREditor/TransformGizmo/TranslateArrowHandle.uasset" 98
"../../../Engine/Content/VREditor/TransformGizmo/TranslateArrowHandle.uexp" 99
"../../../Engine/Content/VREditor/TransformGizmo/UniformScaleHandle.ubulk" 100
"../../../Engine/Content/VREditor/TransformGizmo/UniformScaleHandle.uasset" 101
"../../../Engine/Content/VREditor/TransformGizmo/UniformScaleHandle.uexp" 102
"../../../Engine/Content/VREditor/Sounds/UI/Drop_Item_From_ContentBrowser.ubulk" 103
"../../../Engine/Content/VREditor/Sounds/UI/Drop_Item_From_ContentBrowser.uasset" 104
"../../../Engine/Content/VREditor/Sounds/UI/Drop_Item_From_ContentBrowser.uexp" 105
"../../../Engine/Content/VREditor/Sounds/UI/Gizmo_Handle_Clicked.ubulk" 106
"../../../Engine/Content/VREditor/Sounds/UI/Gizmo_Handle_Clicked.uasset" 107
"../../../Engine/Content/VREditor/Sounds/UI/Gizmo_Handle_Clicked.uexp" 108
"../../../Engine/Content/VREditor/Sounds/UI/Object_PickUp.ubulk" 109
"../../../Engine/Content/VREditor/Sounds/UI/Object_PickUp.uasset" 110
"../../../Engine/Content/VREditor/Sounds/UI/Object_PickUp.uexp" 111
"../../../Engine/Content/VREditor/Sounds/UI/Object_Snaps_To_Another_Actor.ubulk" 112
"../../../Engine/Content/VREditor/Sounds/UI/Object_Snaps_To_Another_Actor.uasset" 113
"../../../Engine/Content/VREditor/Sounds/UI/Object_Snaps_To_Another_Actor.uexp" 114
"../../../Engine/Content/VREditor/Sounds/UI/Object_Snaps_To_Grid.ubulk" 115
"../../../Engine/Content/VREditor/Sounds/UI/Object_Snaps_To_Grid.uasset" 116
"../../../Engine/Content/VREditor/Sounds/UI/Object_Snaps_To_Grid.uexp" 117
"../../../Engine/Content/VREditor/Sounds/UI/Scaling_Down.ubulk" 118
"../../../Engine/Content/VREditor/Sounds/UI/Scaling_Down.uasset" 119
"../../../Engine/Content/VREditor/Sounds/UI/Scaling_Down.uexp" 120
"../../../Engine/Content/VREditor/Sounds/UI/Scaling_Up.ubulk" 121
"../../../Engine/Content/VREditor/Sounds/UI/Scaling_Up.uasset" 122
"../../../Engine/Content/VREditor/Sounds/UI/Scaling_Up.uexp" 123
"../../../Engine/Content/VREditor/Sounds/UI/Selection_Changes.ubulk" 124
"../../../Engine/Content/VREditor/Sounds/UI/Selection_Changes.uasset" 125
"../../../Engine/Content/VREditor/Sounds/UI/Selection_Changes.uexp" 126
"../../../Engine/Plugins/Animation/ControlRig/Content/Controls/ControlRigGizmoMaterial.uasset" 127
"../../../Engine/Plugins/Animation/ControlRig/Content/Controls/ControlRigGizmoMaterial.uexp" 128
"../../../Engine/Plugins/Animation/ControlRig/Content/Controls/ControlRigXRayMaterial.uasset" 129
"../../../Engine/Plugins/Animation/ControlRig/Content/Controls/ControlRigXRayMaterial.uexp" 130
"../../../Engine/Content/EngineMaterials/T_Default_Material_Grid_M.ubulk" 131
"../../../Engine/Content/EngineMaterials/T_Default_Material_Grid_M.uasset" 132
"../../../Engine/Content/EngineMaterials/T_Default_Material_Grid_M.uexp" 133
"../../../Engine/Content/EngineMaterials/T_Default_Material_Grid_N.ubulk" 134
"../../../Engine/Content/EngineMaterials/T_Default_Material_Grid_N.uasset" 135
"../../../Engine/Content/EngineMaterials/T_Default_Material_Grid_N.uexp" 136
"../../../Engine/Content/Functions/Engine_MaterialFunctions01/Opacity/CameraDepthFade.uasset" 137
"../../../Engine/Content/Functions/Engine_MaterialFunctions01/Opacity/CameraDepthFade.uexp" 138
"../../../Engine/Content/EngineMaterials/WorldGridMaterial.uasset" 139
"../../../Engine/Content/EngineMaterials/WorldGridMaterial.uexp" 140
"../../../Engine/Plugins/Animation/ControlRig/Content/Controls/ControlRig_Arrow2_1mm.ubulk" 141
"../../../Engine/Plugins/Animation/ControlRig/Content/Controls/ControlRig_Arrow2_1mm.uasset" 142
"../../../Engine/Plugins/Animation/ControlRig/Content/Controls/ControlRig_Arrow2_1mm.uexp" 143
"../../../Engine/Plugins/Animation/ControlRig/Content/Controls/ControlRig_Arrow2_3mm.ubulk" 144
"../../../Engine/Plugins/Animation/ControlRig/Content/Controls/ControlRig_Arrow2_3mm.uasset" 145
"../../../Engine/Plugins/Animation/ControlRig/Content/Controls/ControlRig_Arrow2_3mm.uexp" 146
"../../../Engine/Plugins/Animation/ControlRig/Content/Controls/ControlRig_Arrow2_solid.ubulk" 147
"../../../Engine/Plugins/Animation/ControlRig/Content/Controls/ControlRig_Arrow2_solid.uasset" 148
"../../../Engine/Plugins/Animation/ControlRig/Content/Controls/ControlRig_Arrow2_solid.uexp" 149
"../../../Engine/Plugins/Animation/ControlRig/Content/Controls/ControlRig_Arrow4_1mm.ubulk" 150
"../../../Engine/Plugins/Animation/ControlRig/Content/Controls/ControlRig_Arrow4_1mm.uasset" 151
"../../../Engine/Plugins/Animation/ControlRig/Content/Controls/ControlRig_Arrow4_1mm.uexp" 152
"../../../Engine/Plugins/Animation/ControlRig/Content/Controls/ControlRig_Arrow4_3mm.ubulk" 153
"../../../Engine/Plugins/Animation/ControlRig/Content/Controls/ControlRig_Arrow4_3mm.uasset" 154
"../../../Engine/Plugins/Animation/ControlRig/Content/Controls/ControlRig_Arrow4_3mm.uexp" 155
"../../../Engine/Plugins/Animation/ControlRig/Content/Controls/ControlRig_Arrow4_solid.ubulk" 156
"../../../Engine/Plugins/Animation/ControlRig/Content/Controls/ControlRig_Arrow4_solid.uasset" 157
"../../../Engine/Plugins/Animation/ControlRig/Content/Controls/ControlRig_Arrow4_solid.uexp" 158
"../../../Engine/Plugins/Animation/ControlRig/Content/Controls/ControlRig_Arrow_1mm.ubulk" 159
"../../../Engine/Plugins/Animation/ControlRig/Content/Controls/ControlRig_Arrow_1mm.uasset" 160
"../../../Engine/Plugins/Animation/ControlRig/Content/Controls/ControlRig_Arrow_1mm.uexp" 161
"../../../Engine/Plugins/Animation/ControlRig/Content/Controls/ControlRig_Arrow_3mm.ubulk" 162
"../../../Engine/Plugins/Animation/ControlRig/Content/Controls/ControlRig_Arrow_3mm.uasset" 163
"../../../Engine/Plugins/Animation/ControlRig/Content/Controls/ControlRig_Arrow_3mm.uexp" 164
"../../../Engine/Plugins/Animation/ControlRig/Content/Controls/ControlRig_Arrow_solid.ubulk" 165
"../../../Engine/Plugins/Animation/ControlRig/Content/Controls/ControlRig_Arrow_solid.uasset" 166
"../../../Engine/Plugins/Animation/ControlRig/Content/Controls/ControlRig_Arrow_solid.uexp" 167
"../../../Engine/Plugins/Animation/ControlRig/Content/Controls/ControlRig_Box_1mm.ubulk" 168
"../../../Engine/Plugins/Animation/ControlRig/Content/Controls/ControlRig_Box_1mm.uasset" 169
"../../../Engine/Plugins/Animation/ControlRig/Content/Controls/ControlRig_Box_1mm.uexp" 170
"../../../Engine/Plugins/Animation/ControlRig/Content/Controls/ControlRig_Box_3mm.ubulk" 171
"../../../Engine/Plugins/Animation/ControlRig/Content/Controls/ControlRig_Box_3mm.uasset" 172
"../../../Engine/Plugins/Animation/ControlRig/Content/Controls/ControlRig_Box_3mm.uexp" 173
"../../../Engine/Plugins/Animation/ControlRig/Content/Controls/ControlRig_Box_solid.ubulk" 174
"../../../Engine/Plugins/Animation/ControlRig/Content/Controls/ControlRig_Box_solid.uasset" 175
"../../../Engine/Plugins/Animation/ControlRig/Content/Controls/ControlRig_Box_solid.uexp" 176
"../../../Engine/Plugins/Animation/ControlRig/Content/Controls/ControlRig_Circle_1mm.ubulk" 177
"../../../Engine/Plugins/Animation/ControlRig/Content/Controls/ControlRig_Circle_1mm.uasset" 178
"../../../Engine/Plugins/Animation/ControlRig/Content/Controls/ControlRig_Circle_1mm.uexp" 179
"../../../Engine/Plugins/Animation/ControlRig/Content/Controls/ControlRig_Circle_3mm.ubulk" 180
"../../../Engine/Plugins/Animation/ControlRig/Content/Controls/ControlRig_Circle_3mm.uasset" 181
"../../../Engine/Plugins/Animation/ControlRig/Content/Controls/ControlRig_Circle_3mm.uexp" 182
"../../../Engine/Plugins/Animation/ControlRig/Content/Controls/ControlRig_Circle_solid.ubulk" 183
"../../../Engine/Plugins/Animation/ControlRig/Content/Controls/ControlRig_Circle_solid.uasset" 184
"../../../Engine/Plugins/Animation/ControlRig/Content/Controls/ControlRig_Circle_solid.uexp" 185
"../../../Engine/Plugins/Animation/ControlRig/Content/Controls/ControlRig_Diamond_1mm.ubulk" 186
"../../../Engine/Plugins/Animation/ControlRig/Content/Controls/ControlRig_Diamond_1mm.uasset" 187
"../../../Engine/Plugins/Animation/ControlRig/Content/Controls/ControlRig_Diamond_1mm.uexp" 188
"../../../Engine/Plugins/Animation/ControlRig/Content/Controls/ControlRig_Diamond_3mm.ubulk" 189
"../../../Engine/Plugins/Animation/ControlRig/Content/Controls/ControlRig_Diamond_3mm.uasset" 190
"../../../Engine/Plugins/Animation/ControlRig/Content/Controls/ControlRig_Diamond_3mm.uexp" 191
"../../../Engine/Plugins/Animation/ControlRig/Content/Controls/ControlRig_Diamond_solid.ubulk" 192
"../../../Engine/Plugins/Animation/ControlRig/Content/Controls/ControlRig_Diamond_solid.uasset" 193
"../../../Engine/Plugins/Animation/ControlRig/Content/Controls/ControlRig_Diamond_solid.uexp" 194
"../../../Engine/Plugins/Animation/ControlRig/Content/Controls/ControlRig_HalfCircle_1mm.ubulk" 195
"../../../Engine/Plugins/Animation/ControlRig/Content/Controls/ControlRig_HalfCircle_1mm.uasset" 196
"../../../Engine/Plugins/Animation/ControlRig/Content/Controls/ControlRig_HalfCircle_1mm.uexp" 197
"../../../Engine/Plugins/Animation/ControlRig/Content/Controls/ControlRig_HalfCircle_3mm.ubulk" 198
"../../../Engine/Plugins/Animation/ControlRig/Content/Controls/ControlRig_HalfCircle_3mm.uasset" 199
"../../../Engine/Plugins/Animation/ControlRig/Content/Controls/ControlRig_HalfCircle_3mm.uexp" 200
"../../../Engine/Plugins/Animation/ControlRig/Content/Controls/ControlRig_HalfCircle_solid.ubulk" 201
"../../../Engine/Plugins/Animation/ControlRig/Content/Controls/ControlRig_HalfCircle_solid.uasset" 202
"../../../Engine/Plugins/Animation/ControlRig/Content/Controls/ControlRig_HalfCircle_solid.uexp" 203
"../../../Engine/Plugins/Animation/ControlRig/Content/Controls/ControlRig_Hexagon_1mm.ubulk" 204
"../../../Engine/Plugins/Animation/ControlRig/Content/Controls/ControlRig_Hexagon_1mm.uasset" 205
"../../../Engine/Plugins/Animation/ControlRig/Content/Controls/ControlRig_Hexagon_1mm.uexp" 206
"../../../Engine/Plugins/Animation/ControlRig/Content/Controls/ControlRig_Hexagon_3mm.ubulk" 207
"../../../Engine/Plugins/Animation/ControlRig/Content/Controls/ControlRig_Hexagon_3mm.uasset" 208
"../../../Engine/Plugins/Animation/ControlRig/Content/Controls/ControlRig_Hexagon_3mm.uexp" 209
"../../../Engine/Plugins/Animation/ControlRig/Content/Controls/ControlRig_Hexagon_solid.ubulk" 210
"../../../Engine/Plugins/Animation/ControlRig/Content/Controls/ControlRig_Hexagon_solid.uasset" 211
"../../../Engine/Plugins/Animation/ControlRig/Content/Controls/ControlRig_Hexagon_solid.uexp" 212
"../../../Engine/Plugins/Animation/ControlRig/Content/Controls/ControlRig_Octagon_1mm.ubulk" 213
"../../../Engine/Plugins/Animation/ControlRig/Content/Controls/ControlRig_Octagon_1mm.uasset" 214
"../../../Engine/Plugins/Animation/ControlRig/Content/Controls/ControlRig_Octagon_1mm.uexp" 215
"../../../Engine/Plugins/Animation/ControlRig/Content/Controls/ControlRig_Octagon_3mm.ubulk" 216
"../../../Engine/Plugins/Animation/ControlRig/Content/Controls/ControlRig_Octagon_3mm.uasset" 217
"../../../Engine/Plugins/Animation/ControlRig/Content/Controls/ControlRig_Octagon_3mm.uexp" 218
"../../../Engine/Plugins/Animation/ControlRig/Content/Controls/ControlRig_Octagon_solid.ubulk" 219
"../../../Engine/Plugins/Animation/ControlRig/Content/Controls/ControlRig_Octagon_solid.uasset" 220
"../../../Engine/Plugins/Animation/ControlRig/Content/Controls/ControlRig_Octagon_solid.uexp" 221
"../../../Engine/Plugins/Animation/ControlRig/Content/Controls/ControlRig_Pyramid_1mm.ubulk" 222
"../../../Engine/Plugins/Animation/ControlRig/Content/Controls/ControlRig_Pyramid_1mm.uasset" 223
"../../../Engine/Plugins/Animation/ControlRig/Content/Controls/ControlRig_Pyramid_1mm.uexp" 224
"../../../Engine/Plugins/Animation/ControlRig/Content/Controls/ControlRig_Pyramid_3mm.ubulk" 225
"../../../Engine/Plugins/Animation/ControlRig/Content/Controls/ControlRig_Pyramid_3mm.uasset" 226
"../../../Engine/Plugins/Animation/ControlRig/Content/Controls/ControlRig_Pyramid_3mm.uexp" 227
"../../../Engine/Plugins/Animation/ControlRig/Content/Controls/ControlRig_Pyramid_solid.ubulk" 228
"../../../Engine/Plugins/Animation/ControlRig/Content/Controls/ControlRig_Pyramid_solid.uasset" 229
"../../../Engine/Plugins/Animation/ControlRig/Content/Controls/ControlRig_Pyramid_solid.uexp" 230
"../../../Engine/Plugins/Animation/ControlRig/Content/Controls/ControlRig_QuarterCircle_1mm.ubulk" 231
"../../../Engine/Plugins/Animation/ControlRig/Content/Controls/ControlRig_QuarterCircle_1mm.uasset" 232
"../../../Engine/Plugins/Animation/ControlRig/Content/Controls/ControlRig_QuarterCircle_1mm.uexp" 233
"../../../Engine/Plugins/Animation/ControlRig/Content/Controls/ControlRig_QuarterCircle_3mm.ubulk" 234
"../../../Engine/Plugins/Animation/ControlRig/Content/Controls/ControlRig_QuarterCircle_3mm.uasset" 235
"../../../Engine/Plugins/Animation/ControlRig/Content/Controls/ControlRig_QuarterCircle_3mm.uexp" 236
"../../../Engine/Content/EditorLandscapeResources/DefaultAlphaTexture.uasset" 237
"../../../Engine/Content/EditorLandscapeResources/DefaultAlphaTexture.uexp" 238
"../../../Engine/Content/EditorLandscapeResources/ColorMaskBrushMaterial.uasset" 239
"../../../Engine/Content/EditorLandscapeResources/ColorMaskBrushMaterial.uexp" 240
"../../../Engine/Content/EditorLandscapeResources/ColorMaskBrushMaterial_MaskedRegion.uasset" 241
"../../../Engine/Content/EditorLandscapeResources/ColorMaskBrushMaterial_MaskedRegion.uexp" 242
"../../../Engine/Plugins/Animation/ControlRig/Content/Controls/ControlRig_QuarterCircle_solid.ubulk" 243
"../../../Engine/Plugins/Animation/ControlRig/Content/Controls/ControlRig_QuarterCircle_solid.uasset" 244
"../../../Engine/Plugins/Animation/ControlRig/Content/Controls/ControlRig_QuarterCircle_solid.uexp" 245
"../../../Engine/Plugins/Animation/ControlRig/Content/Controls/ControlRig_RoundedSquare_1mm.ubulk" 246
"../../../Engine/Plugins/Animation/ControlRig/Content/Controls/ControlRig_RoundedSquare_1mm.uasset" 247
"../../../Engine/Plugins/Animation/ControlRig/Content/Controls/ControlRig_RoundedSquare_1mm.uexp" 248
"../../../Engine/Plugins/Animation/ControlRig/Content/Controls/ControlRig_RoundedSquare_3mm.ubulk" 249
"../../../Engine/Plugins/Animation/ControlRig/Content/Controls/ControlRig_RoundedSquare_3mm.uasset" 250
"../../../Engine/Plugins/Animation/ControlRig/Content/Controls/ControlRig_RoundedSquare_3mm.uexp" 251
"../../../Engine/Plugins/Animation/ControlRig/Content/Controls/ControlRig_RoundedSquare_solid.ubulk" 252
"../../../Engine/Plugins/Animation/ControlRig/Content/Controls/ControlRig_RoundedSquare_solid.uasset" 253
"../../../Engine/Plugins/Animation/ControlRig/Content/Controls/ControlRig_RoundedSquare_solid.uexp" 254
"../../../Engine/Plugins/Animation/ControlRig/Content/Controls/ControlRig_RoundedTriangle_1mm.ubulk" 255
"../../../Engine/Plugins/Animation/ControlRig/Content/Controls/ControlRig_RoundedTriangle_1mm.uasset" 256
"../../../Engine/Plugins/Animation/ControlRig/Content/Controls/ControlRig_RoundedTriangle_1mm.uexp" 257
"../../../Engine/Plugins/Animation/ControlRig/Content/Controls/ControlRig_RoundedTriangle_3mm.ubulk" 258
"../../../Engine/Plugins/Animation/ControlRig/Content/Controls/ControlRig_RoundedTriangle_3mm.uasset" 259
"../../../Engine/Plugins/Animation/ControlRig/Content/Controls/ControlRig_RoundedTriangle_3mm.uexp" 260
"../../../Engine/Content/EditorLandscapeResources/LandscapeDirtyMaterial.uasset" 261
"../../../Engine/Content/EditorLandscapeResources/LandscapeDirtyMaterial.uexp" 262
"../../../Engine/Plugins/Animation/ControlRig/Content/Controls/ControlRig_RoundedTriangle_solid.ubulk" 263
"../../../Engine/Plugins/Animation/ControlRig/Content/Controls/ControlRig_RoundedTriangle_solid.uasset" 264
"../../../Engine/Plugins/Animation/ControlRig/Content/Controls/ControlRig_RoundedTriangle_solid.uexp" 265
"../../../Engine/Plugins/Animation/ControlRig/Content/Controls/ControlRig_Sphere_1mm.ubulk" 266
"../../../Engine/Plugins/Animation/ControlRig/Content/Controls/ControlRig_Sphere_1mm.uasset" 267
"../../../Engine/Plugins/Animation/ControlRig/Content/Controls/ControlRig_Sphere_1mm.uexp" 268
"../../../Engine/Plugins/Animation/ControlRig/Content/Controls/ControlRig_Sphere_3mm.ubulk" 269
"../../../Engine/Plugins/Animation/ControlRig/Content/Controls/ControlRig_Sphere_3mm.uasset" 270
"../../../Engine/Plugins/Animation/ControlRig/Content/Controls/ControlRig_Sphere_3mm.uexp" 271
"../../../Engine/Plugins/Animation/ControlRig/Content/Controls/ControlRig_Sphere_solid.ubulk" 272
"../../../Engine/Plugins/Animation/ControlRig/Content/Controls/ControlRig_Sphere_solid.uasset" 273
"../../../Engine/Plugins/Animation/ControlRig/Content/Controls/ControlRig_Sphere_solid.uexp" 274
"../../../Engine/Content/EngineMaterials/DefaultDiffuse.ubulk" 275
"../../../Engine/Content/EngineMaterials/DefaultDiffuse.uasset" 276
"../../../Engine/Content/EngineMaterials/DefaultDiffuse.uexp" 277
"../../../Engine/Content/Functions/Engine_MaterialFunctions01/Texturing/TextureCropping.uasset" 278
"../../../Engine/Content/Functions/Engine_MaterialFunctions01/Texturing/TextureCropping.uexp" 279
"../../../Engine/Content/Functions/Engine_MaterialFunctions02/ExampleContent/DebugNumberStrip.uasset" 280
"../../../Engine/Content/Functions/Engine_MaterialFunctions02/ExampleContent/DebugNumberStrip.uexp" 281
"../../../Engine/Content/Functions/Engine_MaterialFunctions01/Debug/DebugIntValues.uasset" 282
"../../../Engine/Content/Functions/Engine_MaterialFunctions01/Debug/DebugIntValues.uexp" 283
"../../../Engine/Content/Functions/Engine_MaterialFunctions02/Utility/BreakOutFloat2Components.uasset" 284
"../../../Engine/Content/Functions/Engine_MaterialFunctions02/Utility/BreakOutFloat2Components.uexp" 285
"../../../Engine/Content/Functions/Engine_MaterialFunctions01/Texturing/ScaleUVsByCenter.uasset" 286
"../../../Engine/Content/Functions/Engine_MaterialFunctions01/Texturing/ScaleUVsByCenter.uexp" 287
"../../../Engine/Content/Functions/Engine_MaterialFunctions02/WorldPositionOffset/LocalPosition.uasset" 288
"../../../Engine/Content/Functions/Engine_MaterialFunctions02/WorldPositionOffset/LocalPosition.uexp" 289
"../../../Engine/Content/EditorLandscapeResources/LandscapeLayerUsageMaterial.uasset" 290
"../../../Engine/Content/EditorLandscapeResources/LandscapeLayerUsageMaterial.uexp" 291
"../../../Engine/Plugins/Animation/ControlRig/Content/Controls/ControlRig_Square_1mm.ubulk" 292
"../../../Engine/Plugins/Animation/ControlRig/Content/Controls/ControlRig_Square_1mm.uasset" 293
"../../../Engine/Plugins/Animation/ControlRig/Content/Controls/ControlRig_Square_1mm.uexp" 294
"../../../Engine/Plugins/Animation/ControlRig/Content/Controls/ControlRig_Square_3mm.ubulk" 295
"../../../Engine/Plugins/Animation/ControlRig/Content/Controls/ControlRig_Square_3mm.uasset" 296
"../../../Engine/Plugins/Animation/ControlRig/Content/Controls/ControlRig_Square_3mm.uexp" 297
"../../../Engine/Content/EditorLandscapeResources/WhiteSquareTexture.uasset" 298
"../../../Engine/Content/EditorLandscapeResources/WhiteSquareTexture.uexp" 299
"../../../Engine/Content/EditorLandscapeResources/LayerVisMaterial.uasset" 300
"../../../Engine/Content/EditorLandscapeResources/LayerVisMaterial.uexp" 301
"../../../Engine/Content/Functions/Engine_MaterialFunctions03/Math/WithinRangeFloat2.uasset" 302
"../../../Engine/Content/Functions/Engine_MaterialFunctions03/Math/WithinRangeFloat2.uexp" 303
"../../../Engine/Content/EditorLandscapeResources/MaskBrushMaterial.uasset" 304
"../../../Engine/Content/EditorLandscapeResources/MaskBrushMaterial.uexp" 305
"../../../Engine/Content/EditorLandscapeResources/MaskBrushMaterial_MaskedRegion.uasset" 306
"../../../Engine/Content/EditorLandscapeResources/MaskBrushMaterial_MaskedRegion.uexp" 307
"../../../Engine/Plugins/Animation/ControlRig/Content/Controls/ControlRig_Square_solid.ubulk" 308
"../../../Engine/Plugins/Animation/ControlRig/Content/Controls/ControlRig_Square_solid.uasset" 309
"../../../Engine/Plugins/Animation/ControlRig/Content/Controls/ControlRig_Square_solid.uexp" 310
"../../../Engine/Plugins/Animation/ControlRig/Content/Controls/ControlRig_Star4_1mm.ubulk" 311
"../../../Engine/Plugins/Animation/ControlRig/Content/Controls/ControlRig_Star4_1mm.uasset" 312
"../../../Engine/Plugins/Animation/ControlRig/Content/Controls/ControlRig_Star4_1mm.uexp" 313
"../../../Engine/Plugins/Animation/ControlRig/Content/Controls/ControlRig_Star4_3mm.ubulk" 314
"../../../Engine/Plugins/Animation/ControlRig/Content/Controls/ControlRig_Star4_3mm.uasset" 315
"../../../Engine/Plugins/Animation/ControlRig/Content/Controls/ControlRig_Star4_3mm.uexp" 316
"../../../Engine/Content/EditorLandscapeResources/SelectBrushMaterial.uasset" 317
"../../../Engine/Content/EditorLandscapeResources/SelectBrushMaterial.uexp" 318
"../../../Engine/Content/EditorLandscapeResources/SelectBrushMaterial_Selected.uasset" 319
"../../../Engine/Content/EditorLandscapeResources/SelectBrushMaterial_Selected.uexp" 320
"../../../Engine/Plugins/Animation/ControlRig/Content/Controls/ControlRig_Star4_solid.ubulk" 321
"../../../Engine/Plugins/Animation/ControlRig/Content/Controls/ControlRig_Star4_solid.uasset" 322
"../../../Engine/Plugins/Animation/ControlRig/Content/Controls/ControlRig_Star4_solid.uexp" 323
"../../../Engine/Content/EditorLandscapeResources/SelectBrushMaterial_SelectedRegion.uasset" 324
"../../../Engine/Content/EditorLandscapeResources/SelectBrushMaterial_SelectedRegion.uexp" 325
"../../../Engine/Plugins/Animation/ControlRig/Content/Controls/ControlRig_Triangle_1mm.ubulk" 326
"../../../Engine/Plugins/Animation/ControlRig/Content/Controls/ControlRig_Triangle_1mm.uasset" 327
"../../../Engine/Plugins/Animation/ControlRig/Content/Controls/ControlRig_Triangle_1mm.uexp" 328
"../../../Engine/Content/EditorLandscapeResources/SplineEditorMeshMat.uasset" 329
"../../../Engine/Content/EditorLandscapeResources/SplineEditorMeshMat.uexp" 330
"../../../Engine/Content/EditorLandscapeResources/SplineEditorMesh.ubulk" 331
"../../../Engine/Content/EditorLandscapeResources/SplineEditorMesh.uasset" 332
"../../../Engine/Content/EditorLandscapeResources/SplineEditorMesh.uexp" 333
"../../../Engine/Plugins/Animation/ControlRig/Content/Controls/ControlRig_Triangle_3mm.ubulk" 334
"../../../Engine/Plugins/Animation/ControlRig/Content/Controls/ControlRig_Triangle_3mm.uasset" 335
"../../../Engine/Plugins/Animation/ControlRig/Content/Controls/ControlRig_Triangle_3mm.uexp" 336
"../../../Engine/Plugins/Animation/ControlRig/Content/Controls/ControlRig_Triangle_solid.ubulk" 337
"../../../Engine/Plugins/Animation/ControlRig/Content/Controls/ControlRig_Triangle_solid.uasset" 338
"../../../Engine/Plugins/Animation/ControlRig/Content/Controls/ControlRig_Triangle_solid.uexp" 339
"../../../Engine/Plugins/Animation/ControlRig/Content/Controls/ControlRig_Wedge_1mm.ubulk" 340
"../../../Engine/Plugins/Animation/ControlRig/Content/Controls/ControlRig_Wedge_1mm.uasset" 341
"../../../Engine/Plugins/Animation/ControlRig/Content/Controls/ControlRig_Wedge_1mm.uexp" 342
"../../../Engine/Plugins/Animation/ControlRig/Content/Controls/ControlRig_Wedge_3mm.ubulk" 343
"../../../Engine/Plugins/Animation/ControlRig/Content/Controls/ControlRig_Wedge_3mm.uasset" 344
"../../../Engine/Plugins/Animation/ControlRig/Content/Controls/ControlRig_Wedge_3mm.uexp" 345
"../../../Engine/Plugins/Animation/ControlRig/Content/Controls/ControlRig_Wedge_solid.ubulk" 346
"../../../Engine/Plugins/Animation/ControlRig/Content/Controls/ControlRig_Wedge_solid.uasset" 347
"../../../Engine/Plugins/Animation/ControlRig/Content/Controls/ControlRig_Wedge_solid.uexp" 348
"../../../Engine/Content/EditorMaterials/PhAT_NoCollisionMaterial.uasset" 349
"../../../Engine/Content/EditorMaterials/PhAT_NoCollisionMaterial.uexp" 350
"../../../Engine/Content/EditorMaterials/PhAT_UnselectedMaterial.uasset" 351
"../../../Engine/Content/EditorMaterials/PhAT_UnselectedMaterial.uexp" 352
"../../../Engine/Content/EditorMaterials/PreviewShadowIndicator.ubulk" 353
"../../../Engine/Content/EditorMaterials/PreviewShadowIndicator.uasset" 354
"../../../Engine/Content/EditorMaterials/PreviewShadowIndicator.uexp" 355
"../../../Engine/Content/EditorMaterials/PreviewShadowIndicatorMaterial.uasset" 356
"../../../Engine/Content/EditorMaterials/PreviewShadowIndicatorMaterial.uexp" 357
"../../../Engine/Content/EditorResources/BSPVertex.uasset" 358
"../../../Engine/Content/EditorResources/BSPVertex.uexp" 359
"../../../Engine/Content/EditorResources/S_Actor.ubulk" 360
"../../../Engine/Content/EditorResources/S_Actor.uasset" 361
"../../../Engine/Content/EditorResources/S_Actor.uexp" 362
"../../../Engine/Content/EditorResources/S_BoxReflectionCapture.uasset" 363
"../../../Engine/Content/EditorResources/S_BoxReflectionCapture.uexp" 364
"../../../Engine/Content/EditorResources/S_Solver.ubulk" 365
"../../../Engine/Content/EditorResources/S_Solver.uasset" 366
"../../../Engine/Content/EditorResources/S_Solver.uexp" 367
"../../../Engine/Content/EditorResources/S_Terrain.ubulk" 368
"../../../Engine/Content/EditorResources/S_Terrain.uasset" 369
"../../../Engine/Content/EditorResources/S_Terrain.uexp" 370
"../../../Engine/Content/EditorResources/S_Trigger.ubulk" 371
"../../../Engine/Content/EditorResources/S_Trigger.uasset" 372
"../../../Engine/Content/EditorResources/S_Trigger.uexp" 373
"../../../Engine/Content/EditorResources/S_TriggerBox.uasset" 374
"../../../Engine/Content/EditorResources/S_TriggerBox.uexp" 375
"../../../Engine/Content/EditorResources/S_TriggerCapsule.uasset" 376
"../../../Engine/Content/EditorResources/S_TriggerCapsule.uexp" 377
"../../../Engine/Content/EditorResources/S_TriggerSphere.uasset" 378
"../../../Engine/Content/EditorResources/S_TriggerSphere.uexp" 379
"../../../Engine/Content/EngineDamageTypes/DmgTypeBP_Environmental.uasset" 380
"../../../Engine/Content/EngineDamageTypes/DmgTypeBP_Environmental.uexp" 381
"../../../Engine/Content/EngineDebugMaterials/DebugEditorMaterial.uasset" 382
"../../../Engine/Content/EngineDebugMaterials/DebugEditorMaterial.uexp" 383
"../../../Engine/Content/EngineDebugMaterials/DebugMeshMaterial.uasset" 384
"../../../Engine/Content/EngineDebugMaterials/DebugMeshMaterial.uexp" 385
"../../../Engine/Content/EngineDebugMaterials/M_SimpleUnlitTranslucent.uasset" 386
"../../../Engine/Content/EngineDebugMaterials/M_SimpleUnlitTranslucent.uexp" 387
"../../../Engine/Content/Functions/Engine_MaterialFunctions02/Utility/CameraDirectionVector.uasset" 388
"../../../Engine/Content/Functions/Engine_MaterialFunctions02/Utility/CameraDirectionVector.uexp" 389
"../../../Engine/Content/EngineDebugMaterials/VolumeToRender.uasset" 390
"../../../Engine/Content/EngineDebugMaterials/VolumeToRender.uexp" 391
"../../../Engine/Content/EngineDebugMaterials/M_VolumeRenderSphereTracePP.uasset" 392
"../../../Engine/Content/EngineDebugMaterials/M_VolumeRenderSphereTracePP.uexp" 393
"../../../Engine/Content/EngineMaterials/DefaultBloomKernel.uasset" 394
"../../../Engine/Content/EngineMaterials/DefaultBloomKernel.uexp" 395
"../../../Engine/Content/EngineMaterials/DefaultBokeh.uasset" 396
"../../../Engine/Content/EngineMaterials/DefaultBokeh.uexp" 397
"../../../Engine/Content/EngineMaterials/DefaultDeferredDecalMaterial.uasset" 398
"../../../Engine/Content/EngineMaterials/DefaultDeferredDecalMaterial.uexp" 399
"../../../Engine/Content/EngineMaterials/DefaultLightFunctionMaterial.uasset" 400
"../../../Engine/Content/EngineMaterials/DefaultLightFunctionMaterial.uexp" 401
"../../../Engine/Content/EngineMaterials/DefaultPostProcessMaterial.uasset" 402
"../../../Engine/Content/EngineMaterials/DefaultPostProcessMaterial.uexp" 403
"../../../Engine/Content/EngineFonts/RobotoDistanceField.uasset" 404
"../../../Engine/Content/EngineFonts/RobotoDistanceField.uexp" 405
"../../../Engine/Content/EngineMaterials/DefaultTextMaterialOpaque.uasset" 406
"../../../Engine/Content/EngineMaterials/DefaultTextMaterialOpaque.uexp" 407
"../../../Engine/Content/EngineMaterials/DefaultWhiteGrid_Low.uasset" 408
"../../../Engine/Content/EngineMaterials/DefaultWhiteGrid_Low.uexp" 409
"../../../Engine/Content/EngineMaterials/EmissiveMeshMaterial.uasset" 410
"../../../Engine/Content/EngineMaterials/EmissiveMeshMaterial.uexp" 411
"../../../Engine/Content/EngineMaterials/FastBlueNoise_scalar_128x128x64.uasset" 412
"../../../Engine/Content/EngineMaterials/FastBlueNoise_scalar_128x128x64.uexp" 413
"../../../Engine/Content/EngineMaterials/FastBlueNoise_scalar_128x128x8.uasset" 414
"../../../Engine/Content/EngineMaterials/FastBlueNoise_scalar_128x128x8.uexp" 415
"../../../Engine/Content/EngineMaterials/FastBlueNoise_vec2_128x128x64.uasset" 416
"../../../Engine/Content/EngineMaterials/FastBlueNoise_vec2_128x128x64.uexp" 417
"../../../Engine/Content/EngineMaterials/BaseFlattenDiffuseMap.uasset" 418
"../../../Engine/Content/EngineMaterials/BaseFlattenDiffuseMap.uexp" 419
"../../../Engine/Content/EngineMaterials/BaseFlattenEmissiveMap.uasset" 420
"../../../Engine/Content/EngineMaterials/BaseFlattenEmissiveMap.uexp" 421
"../../../Engine/Content/EngineMaterials/BaseFlattenGrayscaleMap.uasset" 422
"../../../Engine/Content/EngineMaterials/BaseFlattenGrayscaleMap.uexp" 423
"../../../Engine/Content/EngineMaterials/BaseFlattenLinearColor.uasset" 424
"../../../Engine/Content/EngineMaterials/BaseFlattenLinearColor.uexp" 425
"../../../Engine/Content/EngineMaterials/BaseFlattenNormalMap.uasset" 426
"../../../Engine/Content/EngineMaterials/BaseFlattenNormalMap.uexp" 427
"../../../Engine/Content/Functions/Engine_MaterialFunctions02/PivotPainter2/Black_1x1_EXR_Texture.uasset" 428
"../../../Engine/Content/Functions/Engine_MaterialFunctions02/PivotPainter2/Black_1x1_EXR_Texture.uexp" 429
"../../../Engine/Content/EngineMaterials/FlattenMaterial.uasset" 430
"../../../Engine/Content/EngineMaterials/FlattenMaterial.uexp" 431
"../../../Engine/Content/EngineMaterials/BaseFlattenDiffuseMap_VT.ubulk" 432
"../../../Engine/Content/EngineMaterials/BaseFlattenDiffuseMap_VT.uasset" 433
"../../../Engine/Content/EngineMaterials/BaseFlattenDiffuseMap_VT.uexp" 434
"../../../Engine/Content/EngineMaterials/BaseFlattenEmissiveMap_VT.ubulk" 435
"../../../Engine/Content/EngineMaterials/BaseFlattenEmissiveMap_VT.uasset" 436
"../../../Engine/Content/EngineMaterials/BaseFlattenEmissiveMap_VT.uexp" 437
"../../../Engine/Content/EngineMaterials/BaseFlattenGrayscaleMap_VT.ubulk" 438
"../../../Engine/Content/EngineMaterials/BaseFlattenGrayscaleMap_VT.uasset" 439
"../../../Engine/Content/EngineMaterials/BaseFlattenGrayscaleMap_VT.uexp" 440
"../../../Engine/Content/EngineMaterials/BaseFlattenLinearColor_VT.ubulk" 441
"../../../Engine/Content/EngineMaterials/BaseFlattenLinearColor_VT.uasset" 442
"../../../Engine/Content/EngineMaterials/BaseFlattenLinearColor_VT.uexp" 443
"../../../Engine/Content/EngineMaterials/BaseFlattenNormalMap_VT.ubulk" 444
"../../../Engine/Content/EngineMaterials/BaseFlattenNormalMap_VT.uasset" 445
"../../../Engine/Content/EngineMaterials/BaseFlattenNormalMap_VT.uexp" 446
"../../../Engine/Content/EngineMaterials/Black_1x1_EXR_Texture_VT.ubulk" 447
"../../../Engine/Content/EngineMaterials/Black_1x1_EXR_Texture_VT.uasset" 448
"../../../Engine/Content/EngineMaterials/Black_1x1_EXR_Texture_VT.uexp" 449
"../../../Engine/Content/EngineMaterials/FlattenMaterial_VT.uasset" 450
"../../../Engine/Content/EngineMaterials/FlattenMaterial_VT.uexp" 451
"../../../Engine/Content/EngineMaterials/FlattenMaterial_WS_Normal_VT.uasset" 452
"../../../Engine/Content/EngineMaterials/FlattenMaterial_WS_Normal_VT.uexp" 453
"../../../Engine/Content/EngineMaterials/GizmoMaterial.uasset" 454
"../../../Engine/Content/EngineMaterials/GizmoMaterial.uexp" 455
"../../../Engine/Content/EngineMaterials/MiniFont.uasset" 456
"../../../Engine/Content/EngineMaterials/MiniFont.uexp" 457
"../../../Engine/Content/EngineMaterials/InvalidLightmapSettings.ubulk" 458
"../../../Engine/Content/EngineMaterials/InvalidLightmapSettings.uasset" 459
"../../../Engine/Content/EngineMaterials/InvalidLightmapSettings.uexp" 460
"../../../Engine/Content/EngineMaterials/M_InvalidLightmapSettings.uasset" 461
"../../../Engine/Content/EngineMaterials/M_InvalidLightmapSettings.uexp" 462
"../../../Engine/Content/EngineMaterials/NaniteHiddenSectionMaterial.uasset" 463
"../../../Engine/Content/EngineMaterials/NaniteHiddenSectionMaterial.uexp" 464
"../../../Engine/Content/Functions/Engine_MaterialFunctions02/WorldPositionOffset/CameraOffset.uasset" 465
"../../../Engine/Content/Functions/Engine_MaterialFunctions02/WorldPositionOffset/CameraOffset.uexp" 466
"../../../Engine/Content/EngineMaterials/PhAT_JointLimitMaterial.uasset" 467
"../../../Engine/Content/EngineMaterials/PhAT_JointLimitMaterial.uexp" 468
"../../../Engine/Content/EngineMaterials/DefaultCalibrationColor.uasset" 469
"../../../Engine/Content/EngineMaterials/DefaultCalibrationColor.uexp" 470
"../../../Engine/Content/EngineMaterials/PPM_DefaultCalibrationColor.uasset" 471
"../../../Engine/Content/EngineMaterials/PPM_DefaultCalibrationColor.uexp" 472
"../../../Engine/Content/EngineMaterials/DefaultCalibrationGrayscale.uasset" 473
"../../../Engine/Content/EngineMaterials/DefaultCalibrationGrayscale.uexp" 474
"../../../Engine/Content/EngineMaterials/PPM_DefaultCalibrationGrayscale.uasset" 475
"../../../Engine/Content/EngineMaterials/PPM_DefaultCalibrationGrayscale.uexp" 476
"../../../Engine/Content/EngineMaterials/PreintegratedSkinBRDF.uasset" 477
"../../../Engine/Content/EngineMaterials/PreintegratedSkinBRDF.uexp" 478
"../../../Engine/Content/EngineMaterials/RemoveSurfaceMaterial.uasset" 479
"../../../Engine/Content/EngineMaterials/RemoveSurfaceMaterial.uexp" 480
"../../../Engine/Content/EngineMaterials/SMAAAreaTex.uasset" 481
"../../../Engine/Content/EngineMaterials/SMAAAreaTex.uexp" 482
"../../../Engine/Content/EngineMaterials/SMAASearchTex.uasset" 483
"../../../Engine/Content/EngineMaterials/SMAASearchTex.uexp" 484
"../../../Engine/Content/EngineMaterials/WeightMapPlaceholderTexture.uasset" 485
"../../../Engine/Content/EngineMaterials/WeightMapPlaceholderTexture.uexp" 486
"../../../Engine/Content/EngineMaterials/WeightMapArrayPlaceholderTexture.uasset" 487
"../../../Engine/Content/EngineMaterials/WeightMapArrayPlaceholderTexture.uexp" 488
"../../../Engine/Content/EngineResources/WhiteSquareTexture.uasset" 489
"../../../Engine/Content/EngineResources/WhiteSquareTexture.uexp" 490
"../../../Engine/Content/EngineMaterials/Widget3DPassThrough.uasset" 491
"../../../Engine/Content/EngineMaterials/Widget3DPassThrough.uexp" 492
"../../../Engine/Content/EngineMaterials/Widget3DPassThrough_Masked.uasset" 493
"../../../Engine/Content/EngineMaterials/Widget3DPassThrough_Masked.uexp" 494
"../../../Engine/Content/EngineMaterials/Widget3DPassThrough_Opaque.uasset" 495
"../../../Engine/Content/EngineMaterials/Widget3DPassThrough_Opaque.uexp" 496
"../../../Engine/Content/EngineMaterials/Widget3DPassThrough_Masked_OneSided.uasset" 497
"../../../Engine/Content/EngineMaterials/Widget3DPassThrough_Masked_OneSided.uexp" 498
"../../../Engine/Content/EngineMaterials/Widget3DPassThrough_Opaque_OneSided.uasset" 499
"../../../Engine/Content/EngineMaterials/Widget3DPassThrough_Opaque_OneSided.uexp" 500
"../../../Engine/Content/EngineMaterials/Widget3DPassThrough_Translucent.uasset" 501
"../../../Engine/Content/EngineMaterials/Widget3DPassThrough_Translucent.uexp" 502
"../../../Engine/Content/EngineMaterials/Widget3DPassThrough_Translucent_OneSided.uasset" 503
"../../../Engine/Content/EngineMaterials/Widget3DPassThrough_Translucent_OneSided.uexp" 504
"../../../Engine/Content/EngineMeshes/Sphere.ubulk" 505
"../../../Engine/Content/EngineMeshes/Sphere.uasset" 506
"../../../Engine/Content/EngineMeshes/Sphere.uexp" 507
"../../../Engine/Content/EngineResources/Black.uasset" 508
"../../../Engine/Content/EngineResources/Black.uexp" 509
"../../../Engine/Content/EngineResources/DefaultTexture.ubulk" 510
"../../../Engine/Content/EngineResources/DefaultTexture.uasset" 511
"../../../Engine/Content/EngineResources/DefaultTexture.uexp" 512
"../../../Engine/Content/EngineResources/DefaultTextureCube.uasset" 513
"../../../Engine/Content/EngineResources/DefaultTextureCube.uexp" 514
"../../../Engine/Plugins/Animation/DeformerGraph/Content/DeformerFunctions/DG_Function_LinearBlendSkin_Morph_Cloth.uasset" 515
"../../../Engine/Plugins/Animation/DeformerGraph/Content/DeformerFunctions/DG_Function_LinearBlendSkin_Morph_Cloth.uexp" 516
"../../../Engine/Plugins/Animation/DeformerGraph/Content/Deformers/DG_LinearBlendSkin_Morph_Cloth.uasset" 517
"../../../Engine/Plugins/Animation/DeformerGraph/Content/Deformers/DG_LinearBlendSkin_Morph_Cloth.uexp" 518
"../../../Engine/Plugins/Animation/DeformerGraph/Content/DeformerFunctions/DG_Function_ComputeNormalsTangents.uasset" 519
"../../../Engine/Plugins/Animation/DeformerGraph/Content/DeformerFunctions/DG_Function_ComputeNormalsTangents.uexp" 520
"../../../Engine/Plugins/Animation/DeformerGraph/Content/DeformerFunctions/DG_Function_LinearBlendSkin_Morph_Cloth_PositionOnly.uasset" 521
"../../../Engine/Plugins/Animation/DeformerGraph/Content/DeformerFunctions/DG_Function_LinearBlendSkin_Morph_Cloth_PositionOnly.uexp" 522
"../../../Engine/Plugins/Animation/DeformerGraph/Content/Deformers/DG_LinearBlendSkin_Morph_Cloth_RecomputeNormals.uasset" 523
"../../../Engine/Plugins/Animation/DeformerGraph/Content/Deformers/DG_LinearBlendSkin_Morph_Cloth_RecomputeNormals.uexp" 524
"../../../Engine/Content/Functions/Engine_MaterialFunctions02/Utility/VectorLength.uasset" 525
"../../../Engine/Content/Functions/Engine_MaterialFunctions02/Utility/VectorLength.uexp" 526
"../../../Engine/Content/Functions/Engine_MaterialFunctions02/WorldPositionOffset/ObjectScale.uasset" 527
"../../../Engine/Content/Functions/Engine_MaterialFunctions02/WorldPositionOffset/ObjectScale.uexp" 528
"../../../Engine/Plugins/Editor/SpeedTreeImporter/Content/SpeedTree9/Empty.uasset" 529
"../../../Engine/Plugins/Editor/SpeedTreeImporter/Content/SpeedTree9/Empty.uexp" 530
"../../../Engine/Plugins/Editor/SpeedTreeImporter/Content/SpeedTree9/EmptyNormal.uasset" 531
"../../../Engine/Plugins/Editor/SpeedTreeImporter/Content/SpeedTree9/EmptyNormal.uexp" 532
"../../../Engine/Plugins/Editor/SpeedTreeImporter/Content/SpeedTree9/game_wind_noise.ubulk" 533
"../../../Engine/Plugins/Editor/SpeedTreeImporter/Content/SpeedTree9/game_wind_noise.uasset" 534
"../../../Engine/Plugins/Editor/SpeedTreeImporter/Content/SpeedTree9/game_wind_noise.uexp" 535
"../../../Engine/Plugins/Editor/SpeedTreeImporter/Content/SpeedTree9/SpeedTreeBillboard.uasset" 536
"../../../Engine/Plugins/Editor/SpeedTreeImporter/Content/SpeedTree9/SpeedTreeBillboard.uexp" 537
"../../../Engine/Content/Functions/Engine_MaterialFunctions02/SafeNormalize.uasset" 538
"../../../Engine/Content/Functions/Engine_MaterialFunctions02/SafeNormalize.uexp" 539
"../../../Engine/Plugins/Editor/SpeedTreeImporter/Content/SpeedTree9/SpeedTreeWindMotion.uasset" 540
"../../../Engine/Plugins/Editor/SpeedTreeImporter/Content/SpeedTree9/SpeedTreeWindMotion.uexp" 541
"../../../Engine/Plugins/Editor/SpeedTreeImporter/Content/SpeedTree9/UnpackDirection.uasset" 542
"../../../Engine/Plugins/Editor/SpeedTreeImporter/Content/SpeedTree9/UnpackDirection.uexp" 543
"../../../Engine/Plugins/Editor/SpeedTreeImporter/Content/SpeedTree9/UnpackInteger3.uasset" 544
"../../../Engine/Plugins/Editor/SpeedTreeImporter/Content/SpeedTree9/UnpackInteger3.uexp" 545
"../../../Engine/Plugins/Editor/SpeedTreeImporter/Content/SpeedTree9/SpeedTreeBranchMotion.uasset" 546
"../../../Engine/Plugins/Editor/SpeedTreeImporter/Content/SpeedTree9/SpeedTreeBranchMotion.uexp" 547
"../../../Engine/Content/Functions/Engine_MaterialFunctions02/ObjectLocalBounds.uasset" 548
"../../../Engine/Content/Functions/Engine_MaterialFunctions02/ObjectLocalBounds.uexp" 549
"../../../Engine/Content/Functions/Engine_MaterialFunctions02/UVs/BoundingBoxBased_0-1_UVW.uasset" 550
"../../../Engine/Content/Functions/Engine_MaterialFunctions02/UVs/BoundingBoxBased_0-1_UVW.uexp" 551
"../../../Engine/Plugins/Editor/SpeedTreeImporter/Content/SpeedTree9/SpeedTreeWind.uasset" 552
"../../../Engine/Plugins/Editor/SpeedTreeImporter/Content/SpeedTree9/SpeedTreeWind.uexp" 553
"../../../Engine/Plugins/Editor/SpeedTreeImporter/Content/SpeedTree9/SpeedTreeBillboardMaster.uasset" 554
"../../../Engine/Plugins/Editor/SpeedTreeImporter/Content/SpeedTree9/SpeedTreeBillboardMaster.uexp" 555
"../../../Engine/Plugins/Editor/SpeedTreeImporter/Content/SpeedTree9/SpeedTreeCameraFacing.uasset" 556
"../../../Engine/Plugins/Editor/SpeedTreeImporter/Content/SpeedTree9/SpeedTreeCameraFacing.uexp" 557
"../../../Engine/Plugins/Editor/SpeedTreeImporter/Content/SpeedTree9/SpeedTreeMaster.uasset" 558
"../../../Engine/Plugins/Editor/SpeedTreeImporter/Content/SpeedTree9/SpeedTreeMaster.uexp" 559
"../../../Engine/Plugins/Experimental/MeshModelingToolsetExp/Content/Materials/GetDisplacementVectorForDepthBias.uasset" 560
"../../../Engine/Plugins/Experimental/MeshModelingToolsetExp/Content/Materials/GetDisplacementVectorForDepthBias.uexp" 561
"../../../Engine/Content/Functions/Engine_MaterialFunctions03/Viewport/MF_OrthoWidth.uasset" 562
"../../../Engine/Content/Functions/Engine_MaterialFunctions03/Viewport/MF_OrthoWidth.uexp" 563
"../../../Engine/Content/Functions/Engine_MaterialFunctions02/Utility/FOV.uasset" 564
"../../../Engine/Content/Functions/Engine_MaterialFunctions02/Utility/FOV.uexp" 565
"../../../Engine/Content/Functions/Engine_MaterialFunctions02/WorldPositionOffset/V2/ObjectScale.uasset" 566
"../../../Engine/Content/Functions/Engine_MaterialFunctions02/WorldPositionOffset/V2/ObjectScale.uexp" 567
"../../../Engine/Plugins/Experimental/MeshModelingToolsetExp/Content/Materials/PointSetOverlaidComponentMaterial.uasset" 568
"../../../Engine/Plugins/Experimental/MeshModelingToolsetExp/Content/Materials/PointSetOverlaidComponentMaterial.uexp" 569
"../../../Engine/Plugins/Interchange/Assets/Content/Functions/MX_AbsorptionVDF.uasset" 570
"../../../Engine/Plugins/Interchange/Assets/Content/Functions/MX_AbsorptionVDF.uexp" 571
"../../../Engine/Plugins/Interchange/Assets/Content/Functions/MX_AnisotropicVDF.uasset" 572
"../../../Engine/Plugins/Interchange/Assets/Content/Functions/MX_AnisotropicVDF.uexp" 573
"../../../Engine/Plugins/Interchange/Assets/Content/Functions/MX_BurleyDiffuseBSDF.uasset" 574
"../../../Engine/Plugins/Interchange/Assets/Content/Functions/MX_BurleyDiffuseBSDF.uexp" 575
"../../../Engine/Plugins/Interchange/Assets/Content/Functions/MX_ChiangHairBSDF.uasset" 576
"../../../Engine/Plugins/Interchange/Assets/Content/Functions/MX_ChiangHairBSDF.uexp" 577
"../../../Engine/Plugins/Interchange/Assets/Content/Functions/MX_ConductorBSDF.uasset" 578
"../../../Engine/Plugins/Interchange/Assets/Content/Functions/MX_ConductorBSDF.uexp" 579
"../../../Engine/Plugins/Interchange/Assets/Content/Functions/MX_ConicalEDF.uasset" 580
"../../../Engine/Plugins/Interchange/Assets/Content/Functions/MX_ConicalEDF.uexp" 581
"../../../Engine/Plugins/Interchange/Assets/Content/Functions/MX_DielectricBSDF.uasset" 582
"../../../Engine/Plugins/Interchange/Assets/Content/Functions/MX_DielectricBSDF.uexp" 583
"../../../Engine/Plugins/Interchange/Assets/Content/Functions/MX_Displacement.uasset" 584
"../../../Engine/Plugins/Interchange/Assets/Content/Functions/MX_Displacement.uexp" 585
"../../../Engine/Plugins/Interchange/Assets/Content/Functions/MX_GeneralizedSchlickBSDF.uasset" 586
"../../../Engine/Plugins/Interchange/Assets/Content/Functions/MX_GeneralizedSchlickBSDF.uexp" 587
"../../../Engine/Plugins/Interchange/Assets/Content/Functions/MX_MeasuredEDF.uasset" 588
"../../../Engine/Plugins/Interchange/Assets/Content/Functions/MX_MeasuredEDF.uexp" 589
"../../../Engine/Plugins/Interchange/Assets/Content/Functions/MF_IridescenceNoLUT.uasset" 590
"../../../Engine/Plugins/Interchange/Assets/Content/Functions/MF_IridescenceNoLUT.uexp" 591
"../../../Engine/Plugins/Interchange/Assets/Content/Functions/MX_StandardSurface.uasset" 592
"../../../Engine/Plugins/Interchange/Assets/Content/Functions/MX_StandardSurface.uexp" 593
"../../../Engine/Plugins/Interchange/Assets/Content/Functions/MX_OpenPBR_Opaque.uasset" 594
"../../../Engine/Plugins/Interchange/Assets/Content/Functions/MX_OpenPBR_Opaque.uexp" 595
"../../../Engine/Plugins/Interchange/Assets/Content/Functions/MX_TransmissionSurface.uasset" 596
"../../../Engine/Plugins/Interchange/Assets/Content/Functions/MX_TransmissionSurface.uexp" 597
"../../../Engine/Plugins/Interchange/Assets/Content/Functions/MX_OpenPBR_Translucent.uasset" 598
"../../../Engine/Plugins/Interchange/Assets/Content/Functions/MX_OpenPBR_Translucent.uexp" 599
"../../../Engine/Plugins/Interchange/Assets/Content/Functions/MX_OrenNayarBSDF.uasset" 600
"../../../Engine/Plugins/Interchange/Assets/Content/Functions/MX_OrenNayarBSDF.uexp" 601
"../../../Engine/Plugins/Interchange/Assets/Content/Functions/MX_SheenBSDF.uasset" 602
"../../../Engine/Plugins/Interchange/Assets/Content/Functions/MX_SheenBSDF.uexp" 603
"../../../Engine/Plugins/Interchange/Assets/Content/Functions/MX_SubsurfaceBSDF.uasset" 604
"../../../Engine/Plugins/Interchange/Assets/Content/Functions/MX_SubsurfaceBSDF.uexp" 605
"../../../Engine/Plugins/Interchange/Assets/Content/Functions/MX_Surface.uasset" 606
"../../../Engine/Plugins/Interchange/Assets/Content/Functions/MX_Surface.uexp" 607
"../../../Engine/Plugins/Interchange/Assets/Content/Functions/MX_SurfaceUnlit.uasset" 608
"../../../Engine/Plugins/Interchange/Assets/Content/Functions/MX_SurfaceUnlit.uexp" 609
"../../../Engine/Plugins/Interchange/Assets/Content/Functions/MX_TranslucentBSDF.uasset" 610
"../../../Engine/Plugins/Interchange/Assets/Content/Functions/MX_TranslucentBSDF.uexp" 611
"../../../Engine/Plugins/Interchange/Assets/Content/Functions/MX_UniformEDF.uasset" 612
"../../../Engine/Plugins/Interchange/Assets/Content/Functions/MX_UniformEDF.uexp" 613
"../../../Engine/Plugins/Interchange/Assets/Content/Functions/MX_UsdPreviewSurface.uasset" 614
"../../../Engine/Plugins/Interchange/Assets/Content/Functions/MX_UsdPreviewSurface.uexp" 615
"../../../Engine/Plugins/Interchange/Assets/Content/Substrate/MX_SimpleVolume.uasset" 616
"../../../Engine/Plugins/Interchange/Assets/Content/Substrate/MX_SimpleVolume.uexp" 617
"../../../Engine/Content/EngineResources/GradientTexture0.uasset" 618
"../../../Engine/Content/EngineResources/GradientTexture0.uexp" 619
"../../../Engine/Content/EngineResources/LandscapeVisibilityLayerInfo.uasset" 620
"../../../Engine/Content/EngineResources/LandscapeVisibilityLayerInfo.uexp" 621
"../../../Engine/Content/EngineMaterials/EnergyConservation/Diffuse_Energy.uasset" 622
"../../../Engine/Content/EngineMaterials/EnergyConservation/Diffuse_Energy.uexp" 623
"../../../Engine/Content/EngineMaterials/EnergyConservation/GGX_ReflectionEnergy.uasset" 624
"../../../Engine/Content/EngineMaterials/EnergyConservation/GGX_ReflectionEnergy.uexp" 625
"../../../Engine/Content/EngineMaterials/EnergyConservation/GGX_TransmissionEnergyArray.uasset" 626
"../../../Engine/Content/EngineMaterials/EnergyConservation/GGX_TransmissionEnergyArray.uexp" 627
"../../../Engine/Content/EngineMaterials/EnergyConservation/SheenLegacy_Energy.uasset" 628
"../../../Engine/Content/EngineMaterials/EnergyConservation/SheenLegacy_Energy.uexp" 629
"../../../Engine/Content/EngineMaterials/EnergyConservation/Sheen_Energy.uasset" 630
"../../../Engine/Content/EngineMaterials/EnergyConservation/Sheen_Energy.uexp" 631
"../../../Engine/Content/EngineMaterials/LTC/GGX_LTCAmp.uasset" 632
"../../../Engine/Content/EngineMaterials/LTC/GGX_LTCAmp.uexp" 633
"../../../Engine/Content/EngineMaterials/LTC/GGX_LTCMat.uasset" 634
"../../../Engine/Content/EngineMaterials/LTC/GGX_LTCMat.uexp" 635
"../../../Engine/Content/EngineMaterials/LTC/Sheen_LTC.uasset" 636
"../../../Engine/Content/EngineMaterials/LTC/Sheen_LTC.uexp" 637
"../../../Engine/Content/EngineResources/Development/ZenLogo_64.uasset" 638
"../../../Engine/Content/EngineResources/Development/ZenLogo_64.uexp" 639
"../../../Engine/Content/EngineResources/FilmGrains/Marcie_Grain_v3_128_M2_000.uasset" 640
"../../../Engine/Content/EngineResources/FilmGrains/Marcie_Grain_v3_128_M2_000.uexp" 641
"../../../Engine/Content/VREditor/TransformGizmo/BoundingBoxCorner.ubulk" 642
"../../../Engine/Content/VREditor/TransformGizmo/BoundingBoxCorner.uasset" 643
"../../../Engine/Content/VREditor/TransformGizmo/BoundingBoxCorner.uexp" 644
"../../../Engine/Content/VREditor/TransformGizmo/BoundingBoxEdge.ubulk" 645
"../../../Engine/Content/VREditor/TransformGizmo/BoundingBoxEdge.uasset" 646
"../../../Engine/Content/VREditor/TransformGizmo/BoundingBoxEdge.uexp" 647
"../../../Engine/Content/Functions/Engine_MaterialFunctions01/Texturing/FlattenNormal.uasset" 648
"../../../Engine/Content/Functions/Engine_MaterialFunctions01/Texturing/FlattenNormal.uexp" 649
"../../../Engine/Plugins/Interchange/Assets/Content/Utilities/New_LUT.uasset" 650
"../../../Engine/Plugins/Interchange/Assets/Content/Utilities/New_LUT.uexp" 651
"../../../Engine/Content/Functions/Engine_MaterialFunctions03/Math/RemapValueRange.uasset" 652
"../../../Engine/Content/Functions/Engine_MaterialFunctions03/Math/RemapValueRange.uexp" 653
"../../../Engine/Plugins/Interchange/Assets/Content/Functions/MF_Iridescence.uasset" 654
"../../../Engine/Plugins/Interchange/Assets/Content/Functions/MF_Iridescence.uexp" 655
"../../../Engine/Plugins/Interchange/Assets/Content/gltf/Textures/T_White_srgb.uasset" 656
"../../../Engine/Plugins/Interchange/Assets/Content/gltf/Textures/T_White_srgb.uexp" 657
"../../../Engine/Plugins/Interchange/Assets/Content/gltf/MaterialFunctions/MF_BaseColor.uasset" 658
"../../../Engine/Plugins/Interchange/Assets/Content/gltf/MaterialFunctions/MF_BaseColor.uexp" 659
"../../../Engine/Plugins/Interchange/Assets/Content/gltf/MaterialFunctions/MF_RotateNormals_TS.uasset" 660
"../../../Engine/Plugins/Interchange/Assets/Content/gltf/MaterialFunctions/MF_RotateNormals_TS.uexp" 661
"../../../Engine/Plugins/Interchange/Assets/Content/gltf/Textures/T_Generic_N.uasset" 662
"../../../Engine/Plugins/Interchange/Assets/Content/gltf/Textures/T_Generic_N.uexp" 663
"../../../Engine/Plugins/Interchange/Assets/Content/gltf/Textures/T_White_Linear.uasset" 664
"../../../Engine/Plugins/Interchange/Assets/Content/gltf/Textures/T_White_Linear.uexp" 665
"../../../Engine/Plugins/Interchange/Assets/Content/gltf/MaterialFunctions/MF_Clearcoat.uasset" 666
"../../../Engine/Plugins/Interchange/Assets/Content/gltf/MaterialFunctions/MF_Clearcoat.uexp" 667
"../../../Engine/Plugins/Interchange/Assets/Content/gltf/MaterialFunctions/MF_Emissive.uasset" 668
"../../../Engine/Plugins/Interchange/Assets/Content/gltf/MaterialFunctions/MF_Emissive.uexp" 669
"../../../Engine/Plugins/Interchange/Assets/Content/gltf/MaterialFunctions/MF_IOR.uasset" 670
"../../../Engine/Plugins/Interchange/Assets/Content/gltf/MaterialFunctions/MF_IOR.uexp" 671
"../../../Engine/Plugins/Interchange/Assets/Content/gltf/MaterialFunctions/MF_Iridescence.uasset" 672
"../../../Engine/Plugins/Interchange/Assets/Content/gltf/MaterialFunctions/MF_Iridescence.uexp" 673
"../../../Engine/Plugins/Interchange/Assets/Content/gltf/MaterialFunctions/MF_MetallicRoughness.uasset" 674
"../../../Engine/Plugins/Interchange/Assets/Content/gltf/MaterialFunctions/MF_MetallicRoughness.uexp" 675
"../../../Engine/Plugins/Interchange/Assets/Content/gltf/MaterialFunctions/MF_ScaleNormal.uasset" 676
"../../../Engine/Plugins/Interchange/Assets/Content/gltf/MaterialFunctions/MF_ScaleNormal.uexp" 677
"../../../Engine/Plugins/Interchange/Assets/Content/gltf/MaterialFunctions/MF_Normals.uasset" 678
"../../../Engine/Plugins/Interchange/Assets/Content/gltf/MaterialFunctions/MF_Normals.uexp" 679
"../../../Engine/Plugins/Interchange/Assets/Content/gltf/MaterialFunctions/MF_Occlusion.uasset" 680
"../../../Engine/Plugins/Interchange/Assets/Content/gltf/MaterialFunctions/MF_Occlusion.uexp" 681
"../../../Engine/Plugins/Interchange/Assets/Content/gltf/MaterialFunctions/MF_Specular.uasset" 682
"../../../Engine/Plugins/Interchange/Assets/Content/gltf/MaterialFunctions/MF_Specular.uexp" 683
"../../../Engine/Plugins/Interchange/Assets/Content/gltf/Textures/T_Anisotropy_Direction_Linear.uasset" 684
"../../../Engine/Plugins/Interchange/Assets/Content/gltf/Textures/T_Anisotropy_Direction_Linear.uexp" 685
"../../../Engine/Plugins/Interchange/Assets/Content/gltf/MaterialFunctions/MF_SpecularAnisotropy.uasset" 686
"../../../Engine/Plugins/Interchange/Assets/Content/gltf/MaterialFunctions/MF_SpecularAnisotropy.uexp" 687
"../../../Engine/Plugins/Interchange/Assets/Content/gltf/MaterialFunctions/MF_RotateV2.uasset" 688
"../../../Engine/Plugins/Interchange/Assets/Content/gltf/MaterialFunctions/MF_RotateV2.uexp" 689
"../../../Engine/Plugins/Interchange/Assets/Content/gltf/MaterialFunctions/MF_TransformUVs.uasset" 690
"../../../Engine/Plugins/Interchange/Assets/Content/gltf/MaterialFunctions/MF_TransformUVs.uexp" 691
"../../../Engine/Plugins/Interchange/Assets/Content/gltf/MaterialBodies/MF_ClearCoat_Body.uasset" 692
"../../../Engine/Plugins/Interchange/Assets/Content/gltf/MaterialBodies/MF_ClearCoat_Body.uexp" 693
"../../../Engine/Plugins/Interchange/Assets/Content/gltf/M_ClearCoat.uasset" 694
"../../../Engine/Plugins/Interchange/Assets/Content/gltf/M_ClearCoat.uexp" 695
"../../../Engine/Plugins/Interchange/Assets/Content/gltf/MaterialInstances/MI_ClearCoat_Blend.uasset" 696
"../../../Engine/Plugins/Interchange/Assets/Content/gltf/MaterialInstances/MI_ClearCoat_Blend.uexp" 697
"../../../Engine/Plugins/Interchange/Assets/Content/gltf/MaterialInstances/MI_ClearCoat_Blend_DS.uasset" 698
"../../../Engine/Plugins/Interchange/Assets/Content/gltf/MaterialInstances/MI_ClearCoat_Blend_DS.uexp" 699
"../../../Engine/Plugins/Interchange/Assets/Content/gltf/MaterialInstances/MI_ClearCoat_Mask.uasset" 700
"../../../Engine/Plugins/Interchange/Assets/Content/gltf/MaterialInstances/MI_ClearCoat_Mask.uexp" 701
"../../../Engine/Plugins/Interchange/Assets/Content/gltf/MaterialInstances/MI_ClearCoat_Mask_DS.uasset" 702
"../../../Engine/Plugins/Interchange/Assets/Content/gltf/MaterialInstances/MI_ClearCoat_Mask_DS.uexp" 703
"../../../Engine/Plugins/Interchange/Assets/Content/gltf/MaterialInstances/MI_ClearCoat_Opaque.uasset" 704
"../../../Engine/Plugins/Interchange/Assets/Content/gltf/MaterialInstances/MI_ClearCoat_Opaque.uexp" 705
"../../../Engine/Plugins/Interchange/Assets/Content/gltf/MaterialInstances/MI_ClearCoat_Opaque_DS.uasset" 706
"../../../Engine/Plugins/Interchange/Assets/Content/gltf/MaterialInstances/MI_ClearCoat_Opaque_DS.uexp" 707
"../../../Engine/Plugins/Interchange/Assets/Content/gltf/MaterialBodies/MF_Default_Body.uasset" 708
"../../../Engine/Plugins/Interchange/Assets/Content/gltf/MaterialBodies/MF_Default_Body.uexp" 709
"../../../Engine/Plugins/Interchange/Assets/Content/gltf/M_Default.uasset" 710
"../../../Engine/Plugins/Interchange/Assets/Content/gltf/M_Default.uexp" 711
"../../../Engine/Plugins/Interchange/Assets/Content/gltf/MaterialInstances/MI_Default_Blend.uasset" 712
"../../../Engine/Plugins/Interchange/Assets/Content/gltf/MaterialInstances/MI_Default_Blend.uexp" 713
"../../../Engine/Plugins/Interchange/Assets/Content/gltf/MaterialInstances/MI_Default_Blend_DS.uasset" 714
"../../../Engine/Plugins/Interchange/Assets/Content/gltf/MaterialInstances/MI_Default_Blend_DS.uexp" 715
"../../../Engine/Plugins/Interchange/Assets/Content/gltf/MaterialInstances/MI_Default_Mask.uasset" 716
"../../../Engine/Plugins/Interchange/Assets/Content/gltf/MaterialInstances/MI_Default_Mask.uexp" 717
"../../../Engine/Plugins/Interchange/Assets/Content/gltf/MaterialInstances/MI_Default_Mask_DS.uasset" 718
"../../../Engine/Plugins/Interchange/Assets/Content/gltf/MaterialInstances/MI_Default_Mask_DS.uexp" 719
"../../../Engine/Plugins/Interchange/Assets/Content/gltf/MaterialInstances/MI_Default_Opaque.uasset" 720
"../../../Engine/Plugins/Interchange/Assets/Content/gltf/MaterialInstances/MI_Default_Opaque.uexp" 721
"../../../Engine/Plugins/Interchange/Assets/Content/gltf/MaterialInstances/MI_Default_Opaque_DS.uasset" 722
"../../../Engine/Plugins/Interchange/Assets/Content/gltf/MaterialInstances/MI_Default_Opaque_DS.uexp" 723
"../../../Engine/Plugins/Interchange/Assets/Content/gltf/MaterialFunctions/MF_Sheen.uasset" 724
"../../../Engine/Plugins/Interchange/Assets/Content/gltf/MaterialFunctions/MF_Sheen.uexp" 725
"../../../Engine/Plugins/Interchange/Assets/Content/gltf/MaterialBodies/MF_Sheen_Body.uasset" 726
"../../../Engine/Plugins/Interchange/Assets/Content/gltf/MaterialBodies/MF_Sheen_Body.uexp" 727
"../../../Engine/Plugins/Interchange/Assets/Content/gltf/M_Sheen.uasset" 728
"../../../Engine/Plugins/Interchange/Assets/Content/gltf/M_Sheen.uexp" 729
"../../../Engine/Plugins/Interchange/Assets/Content/gltf/MaterialInstances/MI_Sheen_Blend.uasset" 730
"../../../Engine/Plugins/Interchange/Assets/Content/gltf/MaterialInstances/MI_Sheen_Blend.uexp" 731
"../../../Engine/Plugins/Interchange/Assets/Content/gltf/MaterialInstances/MI_Sheen_Blend_DS.uasset" 732
"../../../Engine/Plugins/Interchange/Assets/Content/gltf/MaterialInstances/MI_Sheen_Blend_DS.uexp" 733
"../../../Engine/Plugins/Interchange/Assets/Content/gltf/MaterialInstances/MI_Sheen_Mask.uasset" 734
"../../../Engine/Plugins/Interchange/Assets/Content/gltf/MaterialInstances/MI_Sheen_Mask.uexp" 735
"../../../Engine/Plugins/Interchange/Assets/Content/gltf/MaterialInstances/MI_Sheen_Mask_DS.uasset" 736
"../../../Engine/Plugins/Interchange/Assets/Content/gltf/MaterialInstances/MI_Sheen_Mask_DS.uexp" 737
"../../../Engine/Plugins/Interchange/Assets/Content/gltf/MaterialInstances/MI_Sheen_Opaque.uasset" 738
"../../../Engine/Plugins/Interchange/Assets/Content/gltf/MaterialInstances/MI_Sheen_Opaque.uexp" 739
"../../../Engine/Plugins/Interchange/Assets/Content/gltf/MaterialInstances/MI_Sheen_Opaque_DS.uasset" 740
"../../../Engine/Plugins/Interchange/Assets/Content/gltf/MaterialInstances/MI_Sheen_Opaque_DS.uexp" 741
"../../../Engine/Plugins/Interchange/Assets/Content/gltf/MaterialFunctions/MF_DiffuseSpecGloss.uasset" 742
"../../../Engine/Plugins/Interchange/Assets/Content/gltf/MaterialFunctions/MF_DiffuseSpecGloss.uexp" 743
"../../../Engine/Plugins/Interchange/Assets/Content/gltf/MaterialFunctions/MF_MaxComponentValue.uasset" 744
"../../../Engine/Plugins/Interchange/Assets/Content/gltf/MaterialFunctions/MF_MaxComponentValue.uexp" 745
"../../../Engine/Content/Functions/Engine_MaterialFunctions02/Math/AddComponents.uasset" 746
"../../../Engine/Content/Functions/Engine_MaterialFunctions02/Math/AddComponents.uexp" 747
"../../../Engine/Plugins/Interchange/Assets/Content/gltf/MaterialFunctions/MF_PerceivedBrightness.uasset" 748
"../../../Engine/Plugins/Interchange/Assets/Content/gltf/MaterialFunctions/MF_PerceivedBrightness.uexp" 749
"../../../Engine/Plugins/Interchange/Assets/Content/gltf/MaterialFunctions/MF_SpecGlossToMetalRoughness.uasset" 750
"../../../Engine/Plugins/Interchange/Assets/Content/gltf/MaterialFunctions/MF_SpecGlossToMetalRoughness.uexp" 751
"../../../Engine/Plugins/Interchange/Assets/Content/gltf/MaterialBodies/MF_SpecularGlossiness_Body.uasset" 752
"../../../Engine/Plugins/Interchange/Assets/Content/gltf/MaterialBodies/MF_SpecularGlossiness_Body.uexp" 753
"../../../Engine/Plugins/Interchange/Assets/Content/gltf/M_SpecularGlossiness.uasset" 754
"../../../Engine/Plugins/Interchange/Assets/Content/gltf/M_SpecularGlossiness.uexp" 755
"../../../Engine/Plugins/Interchange/Assets/Content/gltf/MaterialInstances/MI_SpecularGlossiness_Blend.uasset" 756
"../../../Engine/Plugins/Interchange/Assets/Content/gltf/MaterialInstances/MI_SpecularGlossiness_Blend.uexp" 757
"../../../Engine/Plugins/Interchange/Assets/Content/gltf/MaterialInstances/MI_SpecularGlossiness_Blend_DS.uasset" 758
"../../../Engine/Plugins/Interchange/Assets/Content/gltf/MaterialInstances/MI_SpecularGlossiness_Blend_DS.uexp" 759
"../../../Engine/Plugins/Interchange/Assets/Content/gltf/MaterialInstances/MI_SpecularGlossiness_Mask.uasset" 760
"../../../Engine/Plugins/Interchange/Assets/Content/gltf/MaterialInstances/MI_SpecularGlossiness_Mask.uexp" 761
"../../../Engine/Plugins/Interchange/Assets/Content/gltf/MaterialInstances/MI_SpecularGlossiness_Mask_DS.uasset" 762
"../../../Engine/Plugins/Interchange/Assets/Content/gltf/MaterialInstances/MI_SpecularGlossiness_Mask_DS.uexp" 763
"../../../Engine/Plugins/Interchange/Assets/Content/gltf/MaterialInstances/MI_SpecularGlossiness_Opaque.uasset" 764
"../../../Engine/Plugins/Interchange/Assets/Content/gltf/MaterialInstances/MI_SpecularGlossiness_Opaque.uexp" 765
"../../../Engine/Plugins/Interchange/Assets/Content/gltf/MaterialInstances/MI_SpecularGlossiness_Opaque_DS.uasset" 766
"../../../Engine/Plugins/Interchange/Assets/Content/gltf/MaterialInstances/MI_SpecularGlossiness_Opaque_DS.uexp" 767
"../../../Engine/Content/EngineMaterials/Good64x64TilingNoiseHighFreq.uasset" 768
"../../../Engine/Content/EngineMaterials/Good64x64TilingNoiseHighFreq.uexp" 769
"../../../Engine/Content/Functions/Engine_MaterialFunctions02/Texturing/ScreenAlignedPixelToPixelUVs.uasset" 770
"../../../Engine/Content/Functions/Engine_MaterialFunctions02/Texturing/ScreenAlignedPixelToPixelUVs.uexp" 771
"../../../Engine/Plugins/Interchange/Assets/Content/gltf/MaterialFunctions/MF_Fresnel_DS.uasset" 772
"../../../Engine/Plugins/Interchange/Assets/Content/gltf/MaterialFunctions/MF_Fresnel_DS.uexp" 773
"../../../Engine/Plugins/Interchange/Assets/Content/gltf/MaterialFunctions/MF_Temporal_Blur.uasset" 774
"../../../Engine/Plugins/Interchange/Assets/Content/gltf/MaterialFunctions/MF_Temporal_Blur.uexp" 775
"../../../Engine/Plugins/Interchange/Assets/Content/gltf/MaterialFunctions/MF_Transmission.uasset" 776
"../../../Engine/Plugins/Interchange/Assets/Content/gltf/MaterialFunctions/MF_Transmission.uexp" 777
"../../../Engine/Plugins/Interchange/Assets/Content/gltf/MaterialBodies/MF_Transmission_Body.uasset" 778
"../../../Engine/Plugins/Interchange/Assets/Content/gltf/MaterialBodies/MF_Transmission_Body.uexp" 779
"../../../Engine/Plugins/Interchange/Assets/Content/gltf/M_Transmission.uasset" 780
"../../../Engine/Plugins/Interchange/Assets/Content/gltf/M_Transmission.uexp" 781
"../../../Engine/Plugins/Interchange/Assets/Content/gltf/MaterialInstances/MI_Transmission.uasset" 782
"../../../Engine/Plugins/Interchange/Assets/Content/gltf/MaterialInstances/MI_Transmission.uexp" 783
"../../../Engine/Plugins/Interchange/Assets/Content/gltf/MaterialInstances/MI_Transmission_DS.uasset" 784
"../../../Engine/Plugins/Interchange/Assets/Content/gltf/MaterialInstances/MI_Transmission_DS.uexp" 785
"../../../Engine/Plugins/Interchange/Assets/Content/gltf/MaterialBodies/MF_Unlit_Body.uasset" 786
"../../../Engine/Plugins/Interchange/Assets/Content/gltf/MaterialBodies/MF_Unlit_Body.uexp" 787
"../../../Engine/Plugins/Interchange/Assets/Content/gltf/M_Unlit.uasset" 788
"../../../Engine/Plugins/Interchange/Assets/Content/gltf/M_Unlit.uexp" 789
"../../../Engine/Plugins/Interchange/Assets/Content/gltf/MaterialInstances/MI_Unlit_Blend.uasset" 790
"../../../Engine/Plugins/Interchange/Assets/Content/gltf/MaterialInstances/MI_Unlit_Blend.uexp" 791
"../../../Engine/Plugins/Interchange/Assets/Content/gltf/MaterialInstances/MI_Unlit_Blend_DS.uasset" 792
"../../../Engine/Plugins/Interchange/Assets/Content/gltf/MaterialInstances/MI_Unlit_Blend_DS.uexp" 793
"../../../Engine/Plugins/Interchange/Assets/Content/gltf/MaterialInstances/MI_Unlit_Mask.uasset" 794
"../../../Engine/Plugins/Interchange/Assets/Content/gltf/MaterialInstances/MI_Unlit_Mask.uexp" 795
"../../../Engine/Plugins/Interchange/Assets/Content/gltf/MaterialInstances/MI_Unlit_Mask_DS.uasset" 796
"../../../Engine/Plugins/Interchange/Assets/Content/gltf/MaterialInstances/MI_Unlit_Mask_DS.uexp" 797
"../../../Engine/Plugins/Interchange/Assets/Content/gltf/MaterialInstances/MI_Unlit_Opaque.uasset" 798
"../../../Engine/Plugins/Interchange/Assets/Content/gltf/MaterialInstances/MI_Unlit_Opaque.uexp" 799
"../../../Engine/Plugins/Interchange/Assets/Content/gltf/MaterialInstances/MI_Unlit_Opaque_DS.uasset" 800
"../../../Engine/Plugins/Interchange/Assets/Content/gltf/MaterialInstances/MI_Unlit_Opaque_DS.uexp" 801
"../../../Engine/Plugins/Runtime/AudioWidgets/Content/Resources/ScrubHandleDown_Clamped.uasset" 802
"../../../Engine/Plugins/Runtime/AudioWidgets/Content/Resources/ScrubHandleDown_Clamped.uexp" 803
"../../../Engine/Content/ArtTools/RenderToTexture/Meshes/S_1_Unit_Plane.ubulk" 804
"../../../Engine/Content/ArtTools/RenderToTexture/Meshes/S_1_Unit_Plane.uasset" 805
"../../../Engine/Content/ArtTools/RenderToTexture/Meshes/S_1_Unit_Plane.uexp" 806
"../../../Engine/Content/EngineMaterials/Substrate/GLints/AGlintTex2dArray.uasset" 807
"../../../Engine/Content/EngineMaterials/Substrate/GLints/AGlintTex2dArray.uexp" 808
"../../../Engine/Plugins/Runtime/HairStrands/Content/Materials/HairCardsDefaultMaterial.uasset" 809
"../../../Engine/Plugins/Runtime/HairStrands/Content/Materials/HairCardsDefaultMaterial.uexp" 810
"../../../Engine/Content/Functions/Engine_MaterialFunctions02/Utility/MakeFloat2.uasset" 811
"../../../Engine/Content/Functions/Engine_MaterialFunctions02/Utility/MakeFloat2.uexp" 812
"../../../Engine/Content/EngineMaterials/HairColorMap.uasset" 813
"../../../Engine/Content/EngineMaterials/HairColorMap.uexp" 814
"../../../Engine/Content/EngineMaterials/HairDebugColor.uasset" 815
"../../../Engine/Content/EngineMaterials/HairDebugColor.uexp" 816
"../../../Engine/Plugins/Runtime/HairStrands/Content/Materials/HairGroupColors.uasset" 817
"../../../Engine/Plugins/Runtime/HairStrands/Content/Materials/HairGroupColors.uexp" 818
"../../../Engine/Plugins/Runtime/HairStrands/Content/Materials/HairDebugMaterial.uasset" 819
"../../../Engine/Plugins/Runtime/HairStrands/Content/Materials/HairDebugMaterial.uexp" 820
"../../../Engine/Plugins/Runtime/HairStrands/Content/Materials/HairDefaultMaterial.uasset" 821
"../../../Engine/Plugins/Runtime/HairStrands/Content/Materials/HairDefaultMaterial.uexp" 822
"../../../Engine/Plugins/Runtime/HairStrands/Content/Materials/HairMeshesDefaultMaterial.uasset" 823
"../../../Engine/Plugins/Runtime/HairStrands/Content/Materials/HairMeshesDefaultMaterial.uexp" 824
"../../../Engine/Content/EditorMaterials/Dataflow/DataflowTwoSidedVertexMaterial.uasset" 825
"../../../Engine/Content/EditorMaterials/Dataflow/DataflowTwoSidedVertexMaterial.uexp" 826
"../../../Engine/Content/EditorMaterials/Dataflow/DataflowVertexMaterial.uasset" 827
"../../../Engine/Content/EditorMaterials/Dataflow/DataflowVertexMaterial.uexp" 828
"../../../Engine/Content/EditorMaterials/ParticleSystems/PSysThumbnail_NoImage.ubulk" 829
"../../../Engine/Content/EditorMaterials/ParticleSystems/PSysThumbnail_NoImage.uasset" 830
"../../../Engine/Content/EditorMaterials/ParticleSystems/PSysThumbnail_NoImage.uexp" 831
"../../../Engine/Content/EditorMaterials/ParticleSystems/PSysThumbnail_OOD.ubulk" 832
"../../../Engine/Content/EditorMaterials/ParticleSystems/PSysThumbnail_OOD.uasset" 833
"../../../Engine/Content/EditorMaterials/ParticleSystems/PSysThumbnail_OOD.uexp" 834
"../../../Engine/Content/EditorMaterials/Camera/CineMat.uasset" 835
"../../../Engine/Content/EditorMaterials/Camera/CineMat.uexp" 836
"../../../Engine/Content/EditorMaterials/Camera/MI_CineMat_Rig.uasset" 837
"../../../Engine/Content/EditorMaterials/Camera/MI_CineMat_Rig.uexp" 838
"../../../Engine/Content/EditorMeshes/Camera/SM_CraneRig_Arm.ubulk" 839
"../../../Engine/Content/EditorMeshes/Camera/SM_CraneRig_Arm.uasset" 840
"../../../Engine/Content/EditorMeshes/Camera/SM_CraneRig_Arm.uexp" 841
"../../../Engine/Content/EditorMeshes/Camera/SM_CraneRig_Base.ubulk" 842
"../../../Engine/Content/EditorMeshes/Camera/SM_CraneRig_Base.uasset" 843
"../../../Engine/Content/EditorMeshes/Camera/SM_CraneRig_Base.uexp" 844
"../../../Engine/Content/EditorMeshes/Camera/SM_CraneRig_Body.ubulk" 845
"../../../Engine/Content/EditorMeshes/Camera/SM_CraneRig_Body.uasset" 846
"../../../Engine/Content/EditorMeshes/Camera/SM_CraneRig_Body.uexp" 847
"../../../Engine/Content/EditorMeshes/Camera/SM_CraneRig_Mount.ubulk" 848
"../../../Engine/Content/EditorMeshes/Camera/SM_CraneRig_Mount.uasset" 849
"../../../Engine/Content/EditorMeshes/Camera/SM_CraneRig_Mount.uexp" 850
"../../../Engine/Content/EditorMeshes/Camera/SM_RailRig_Mount.ubulk" 851
"../../../Engine/Content/EditorMeshes/Camera/SM_RailRig_Mount.uasset" 852
"../../../Engine/Content/EditorMeshes/Camera/SM_RailRig_Mount.uexp" 853
"../../../Engine/Content/EditorMeshes/Camera/SM_RailRig_Track.ubulk" 854
"../../../Engine/Content/EditorMeshes/Camera/SM_RailRig_Track.uasset" 855
"../../../Engine/Content/EditorMeshes/Camera/SM_RailRig_Track.uexp" 856
"../../../Engine/Content/EditorResources/SequenceRecorder/Countdown.uasset" 857
"../../../Engine/Content/EditorResources/SequenceRecorder/Countdown.uexp" 858
"../../../Engine/Content/EditorResources/SequenceRecorder/RecordingIndicator.uasset" 859
"../../../Engine/Content/EditorResources/SequenceRecorder/RecordingIndicator.uexp" 860
"../../../Engine/Content/EngineMaterials/Substrate/Glints2/AGlintTex2dArray2.uasset" 861
"../../../Engine/Content/EngineMaterials/Substrate/Glints2/AGlintTex2dArray2.uexp" 862
"../../../Engine/Content/EngineMaterials/Substrate/Volume/SubstrateSimpleVolumeEnvLUT3D.uasset" 863
"../../../Engine/Content/EngineMaterials/Substrate/Volume/SubstrateSimpleVolumeEnvLUT3D.uexp" 864
"../../../Engine/Content/EngineMaterials/Substrate/Volume/SubstrateSimpleVolumeLUT3D.uasset" 865
"../../../Engine/Content/EngineMaterials/Substrate/Volume/SubstrateSimpleVolumeLUT3D.uexp" 866
"../../../Engine/Content/Functions/Engine_MaterialFunctions01/Shading/ConvertFromDiffSpec.uasset" 867
"../../../Engine/Content/Functions/Engine_MaterialFunctions01/Shading/ConvertFromDiffSpec.uexp" 868
"../../../Engine/Content/Functions/Engine_MaterialFunctions01/Shading/PowerToRoughness.uasset" 869
"../../../Engine/Content/Functions/Engine_MaterialFunctions01/Shading/PowerToRoughness.uexp" 870
"C:/Users/karla/Documents/GitHub/FreakGame_Over/Content/Input/Actions/IA_Jump.uasset" 871
"C:/Users/karla/Documents/GitHub/FreakGame_Over/Content/Input/Actions/IA_Jump.uexp" 872
"C:/Users/karla/Documents/GitHub/FreakGame_Over/Content/Input/Actions/IA_Look.uasset" 873
"C:/Users/karla/Documents/GitHub/FreakGame_Over/Content/Input/Actions/IA_Look.uexp" 874
"C:/Users/karla/Documents/GitHub/FreakGame_Over/Content/Input/Actions/IA_Move.uasset" 875
"C:/Users/karla/Documents/GitHub/FreakGame_Over/Content/Input/Actions/IA_Move.uexp" 876
"C:/Users/karla/Documents/GitHub/FreakGame_Over/Content/FirstPerson/Blueprints/GameFunction/IA_Restart.uasset" 877
"C:/Users/karla/Documents/GitHub/FreakGame_Over/Content/FirstPerson/Blueprints/GameFunction/IA_Restart.uexp" 878
"C:/Users/karla/Documents/GitHub/FreakGame_Over/Content/Input/IMC_Default.uasset" 879
"C:/Users/karla/Documents/GitHub/FreakGame_Over/Content/Input/IMC_Default.uexp" 880
"C:/Users/karla/Documents/GitHub/FreakGame_Over/Content/Input/Actions/IA_MouseLook.uasset" 881
"C:/Users/karla/Documents/GitHub/FreakGame_Over/Content/Input/Actions/IA_MouseLook.uexp" 882
"../../../Engine/Plugins/Animation/ControlRig/Content/Controls/DefaultGizmoLibraryNormalized.uasset" 883
"../../../Engine/Plugins/Animation/ControlRig/Content/Controls/DefaultGizmoLibraryNormalized.uexp" 884
"C:/Users/karla/Documents/GitHub/FreakGame_Over/Content/FirstPerson/Anims/CtrlRig_FPWarp.uasset" 885
"C:/Users/karla/Documents/GitHub/FreakGame_Over/Content/FirstPerson/Anims/CtrlRig_FPWarp.uexp" 886
"C:/Users/karla/Documents/GitHub/FreakGame_Over/Content/Characters/Mannequins/Meshes/SK_Mannequin.uasset" 887
"C:/Users/karla/Documents/GitHub/FreakGame_Over/Content/Characters/Mannequins/Meshes/SK_Mannequin.uexp" 888
"C:/Users/karla/Documents/GitHub/FreakGame_Over/Content/FirstPerson/Anims/ABP_FP_Copy.uasset" 889
"C:/Users/karla/Documents/GitHub/FreakGame_Over/Content/FirstPerson/Anims/ABP_FP_Copy.uexp" 890
"C:/Users/karla/Documents/GitHub/FreakGame_Over/Content/Characters/Mannequins/Rigs/PA_Mannequin.uasset" 891
"C:/Users/karla/Documents/GitHub/FreakGame_Over/Content/Characters/Mannequins/Rigs/PA_Mannequin.uexp" 892
"C:/Users/karla/Documents/GitHub/FreakGame_Over/Content/Characters/Mannequins/Textures/Manny/T_Manny_01_BN.ubulk" 893
"C:/Users/karla/Documents/GitHub/FreakGame_Over/Content/Characters/Mannequins/Textures/Manny/T_Manny_01_BN.uasset" 894
"C:/Users/karla/Documents/GitHub/FreakGame_Over/Content/Characters/Mannequins/Textures/Manny/T_Manny_01_BN.uexp" 895
"C:/Users/karla/Documents/GitHub/FreakGame_Over/Content/Characters/Mannequins/Textures/Manny/T_Manny_01_D.ubulk" 896
"C:/Users/karla/Documents/GitHub/FreakGame_Over/Content/Characters/Mannequins/Textures/Manny/T_Manny_01_D.uasset" 897
"C:/Users/karla/Documents/GitHub/FreakGame_Over/Content/Characters/Mannequins/Textures/Manny/T_Manny_01_D.uexp" 898
"C:/Users/karla/Documents/GitHub/FreakGame_Over/Content/Characters/Mannequins/Textures/Manny/T_Manny_01_MRA.ubulk" 899
"C:/Users/karla/Documents/GitHub/FreakGame_Over/Content/Characters/Mannequins/Textures/Manny/T_Manny_01_MRA.uasset" 900
"C:/Users/karla/Documents/GitHub/FreakGame_Over/Content/Characters/Mannequins/Textures/Manny/T_Manny_01_MRA.uexp" 901
"C:/Users/karla/Documents/GitHub/FreakGame_Over/Content/Characters/Mannequins/Textures/Shared/T_UE_Logo_M.uasset" 902
"C:/Users/karla/Documents/GitHub/FreakGame_Over/Content/Characters/Mannequins/Textures/Shared/T_UE_Logo_M.uexp" 903
"C:/Users/karla/Documents/GitHub/FreakGame_Over/Content/Characters/Mannequins/Materials/M_Mannequin.uasset" 904
"C:/Users/karla/Documents/GitHub/FreakGame_Over/Content/Characters/Mannequins/Materials/M_Mannequin.uexp" 905
"C:/Users/karla/Documents/GitHub/FreakGame_Over/Content/Characters/Mannequins/Materials/Manny/MI_Manny_01_New.uasset" 906
"C:/Users/karla/Documents/GitHub/FreakGame_Over/Content/Characters/Mannequins/Materials/Manny/MI_Manny_01_New.uexp" 907
"C:/Users/karla/Documents/GitHub/FreakGame_Over/Content/Characters/Mannequins/Textures/Manny/T_Manny_02_BN.ubulk" 908
"C:/Users/karla/Documents/GitHub/FreakGame_Over/Content/Characters/Mannequins/Textures/Manny/T_Manny_02_BN.uasset" 909
"C:/Users/karla/Documents/GitHub/FreakGame_Over/Content/Characters/Mannequins/Textures/Manny/T_Manny_02_BN.uexp" 910
"C:/Users/karla/Documents/GitHub/FreakGame_Over/Content/Characters/Mannequins/Textures/Manny/T_Manny_02_D.ubulk" 911
"C:/Users/karla/Documents/GitHub/FreakGame_Over/Content/Characters/Mannequins/Textures/Manny/T_Manny_02_D.uasset" 912
"C:/Users/karla/Documents/GitHub/FreakGame_Over/Content/Characters/Mannequins/Textures/Manny/T_Manny_02_D.uexp" 913
"C:/Users/karla/Documents/GitHub/FreakGame_Over/Content/Characters/Mannequins/Textures/Manny/T_Manny_02_MRA.ubulk" 914
"C:/Users/karla/Documents/GitHub/FreakGame_Over/Content/Characters/Mannequins/Textures/Manny/T_Manny_02_MRA.uasset" 915
"C:/Users/karla/Documents/GitHub/FreakGame_Over/Content/Characters/Mannequins/Textures/Manny/T_Manny_02_MRA.uexp" 916
"C:/Users/karla/Documents/GitHub/FreakGame_Over/Content/Characters/Mannequins/Materials/Manny/MI_Manny_02_New.uasset" 917
"C:/Users/karla/Documents/GitHub/FreakGame_Over/Content/Characters/Mannequins/Materials/Manny/MI_Manny_02_New.uexp" 918
"C:/Users/karla/Documents/GitHub/FreakGame_Over/Content/Characters/Mannequins/Meshes/SKM_Manny_Simple.uasset" 919
"C:/Users/karla/Documents/GitHub/FreakGame_Over/Content/Characters/Mannequins/Meshes/SKM_Manny_Simple.uexp" 920
"C:/Users/karla/Documents/GitHub/FreakGame_Over/Content/Props/Materials/MM_palco.uasset" 921
"C:/Users/karla/Documents/GitHub/FreakGame_Over/Content/Props/Materials/MM_palco.uexp" 922
"C:/Users/karla/Documents/GitHub/FreakGame_Over/Content/Props/Basura/1cajadedientes.ubulk" 923
"C:/Users/karla/Documents/GitHub/FreakGame_Over/Content/Props/Basura/1cajadedientes.uasset" 924
"C:/Users/karla/Documents/GitHub/FreakGame_Over/Content/Props/Basura/1cajadedientes.uexp" 925
"C:/Users/karla/Documents/GitHub/FreakGame_Over/Content/Props/Basura/Bacinilla.ubulk" 926
"C:/Users/karla/Documents/GitHub/FreakGame_Over/Content/Props/Basura/Bacinilla.uasset" 927
"C:/Users/karla/Documents/GitHub/FreakGame_Over/Content/Props/Basura/Bacinilla.uexp" 928
"C:/Users/karla/Documents/GitHub/FreakGame_Over/Content/Props/Basura/Texturas/01_Desechos_Comida_Material_005_BaseColor.ubulk" 929
"C:/Users/karla/Documents/GitHub/FreakGame_Over/Content/Props/Basura/Texturas/01_Desechos_Comida_Material_005_BaseColor.uasset" 930
"C:/Users/karla/Documents/GitHub/FreakGame_Over/Content/Props/Basura/Texturas/01_Desechos_Comida_Material_005_BaseColor.uexp" 931
"C:/Users/karla/Documents/GitHub/FreakGame_Over/Content/Props/Basura/Texturas/01_Desechos_Comida_Material_005_Emissive.ubulk" 932
"C:/Users/karla/Documents/GitHub/FreakGame_Over/Content/Props/Basura/Texturas/01_Desechos_Comida_Material_005_Emissive.uasset" 933
"C:/Users/karla/Documents/GitHub/FreakGame_Over/Content/Props/Basura/Texturas/01_Desechos_Comida_Material_005_Emissive.uexp" 934
"C:/Users/karla/Documents/GitHub/FreakGame_Over/Content/Props/Basura/Texturas/01_Desechos_Comida_Material_005_Metallic.ubulk" 935
"C:/Users/karla/Documents/GitHub/FreakGame_Over/Content/Props/Basura/Texturas/01_Desechos_Comida_Material_005_Metallic.uasset" 936
"C:/Users/karla/Documents/GitHub/FreakGame_Over/Content/Props/Basura/Texturas/01_Desechos_Comida_Material_005_Metallic.uexp" 937
"C:/Users/karla/Documents/GitHub/FreakGame_Over/Content/Props/Basura/Texturas/01_Desechos_Comida_Material_005_Normal.ubulk" 938
"C:/Users/karla/Documents/GitHub/FreakGame_Over/Content/Props/Basura/Texturas/01_Desechos_Comida_Material_005_Normal.uasset" 939
"C:/Users/karla/Documents/GitHub/FreakGame_Over/Content/Props/Basura/Texturas/01_Desechos_Comida_Material_005_Normal.uexp" 940
"C:/Users/karla/Documents/GitHub/FreakGame_Over/Content/Props/Basura/Texturas/01_Desechos_Comida_Material_005_Roughness.ubulk" 941
"C:/Users/karla/Documents/GitHub/FreakGame_Over/Content/Props/Basura/Texturas/01_Desechos_Comida_Material_005_Roughness.uasset" 942
"C:/Users/karla/Documents/GitHub/FreakGame_Over/Content/Props/Basura/Texturas/01_Desechos_Comida_Material_005_Roughness.uexp" 943
"C:/Users/karla/Documents/GitHub/FreakGame_Over/Content/Props/Materials/Basura/MM_Basura.uasset" 944
"C:/Users/karla/Documents/GitHub/FreakGame_Over/Content/Props/Materials/Basura/MM_Basura.uexp" 945
"C:/Users/karla/Documents/GitHub/FreakGame_Over/Content/Props/Basura/Banana.ubulk" 946
"C:/Users/karla/Documents/GitHub/FreakGame_Over/Content/Props/Basura/Banana.uasset" 947
"C:/Users/karla/Documents/GitHub/FreakGame_Over/Content/Props/Basura/Banana.uexp" 948
"C:/Users/karla/Documents/GitHub/FreakGame_Over/Content/Props/Basura/Botellavino.ubulk" 949
"C:/Users/karla/Documents/GitHub/FreakGame_Over/Content/Props/Basura/Botellavino.uasset" 950
"C:/Users/karla/Documents/GitHub/FreakGame_Over/Content/Props/Basura/Botellavino.uexp" 951
"C:/Users/karla/Documents/GitHub/FreakGame_Over/Content/Props/Basura/Cerveza.ubulk" 952
"C:/Users/karla/Documents/GitHub/FreakGame_Over/Content/Props/Basura/Cerveza.uasset" 953
"C:/Users/karla/Documents/GitHub/FreakGame_Over/Content/Props/Basura/Cerveza.uexp" 954
"C:/Users/karla/Documents/GitHub/FreakGame_Over/Content/Props/Basura/Crispetas.ubulk" 955
"C:/Users/karla/Documents/GitHub/FreakGame_Over/Content/Props/Basura/Crispetas.uasset" 956
"C:/Users/karla/Documents/GitHub/FreakGame_Over/Content/Props/Basura/Crispetas.uexp" 957
"C:/Users/karla/Documents/GitHub/FreakGame_Over/Content/Props/Basura/Cucharon.ubulk" 958
"C:/Users/karla/Documents/GitHub/FreakGame_Over/Content/Props/Basura/Cucharon.uasset" 959
"C:/Users/karla/Documents/GitHub/FreakGame_Over/Content/Props/Basura/Cucharon.uexp" 960
"C:/Users/karla/Documents/GitHub/FreakGame_Over/Content/Props/Basura/Huevo.ubulk" 961
"C:/Users/karla/Documents/GitHub/FreakGame_Over/Content/Props/Basura/Huevo.uasset" 962
"C:/Users/karla/Documents/GitHub/FreakGame_Over/Content/Props/Basura/Huevo.uexp" 963
"C:/Users/karla/Documents/GitHub/FreakGame_Over/Content/Props/Basura/Manzana.ubulk" 964
"C:/Users/karla/Documents/GitHub/FreakGame_Over/Content/Props/Basura/Manzana.uasset" 965
"C:/Users/karla/Documents/GitHub/FreakGame_Over/Content/Props/Basura/Manzana.uexp" 966
"C:/Users/karla/Documents/GitHub/FreakGame_Over/Content/Props/Basura/Papel_H.ubulk" 967
"C:/Users/karla/Documents/GitHub/FreakGame_Over/Content/Props/Basura/Papel_H.uasset" 968
"C:/Users/karla/Documents/GitHub/FreakGame_Over/Content/Props/Basura/Papel_H.uexp" 969
"C:/Users/karla/Documents/GitHub/FreakGame_Over/Content/Props/Basura/Pera.ubulk" 970
"C:/Users/karla/Documents/GitHub/FreakGame_Over/Content/Props/Basura/Pera.uasset" 971
"C:/Users/karla/Documents/GitHub/FreakGame_Over/Content/Props/Basura/Pera.uexp" 972
"C:/Users/karla/Documents/GitHub/FreakGame_Over/Content/Props/Basura/queso.ubulk" 973
"C:/Users/karla/Documents/GitHub/FreakGame_Over/Content/Props/Basura/queso.uasset" 974
"C:/Users/karla/Documents/GitHub/FreakGame_Over/Content/Props/Basura/queso.uexp" 975
"C:/Users/karla/Documents/GitHub/FreakGame_Over/Content/Props/Basura/Tomate.ubulk" 976
"C:/Users/karla/Documents/GitHub/FreakGame_Over/Content/Props/Basura/Tomate.uasset" 977
"C:/Users/karla/Documents/GitHub/FreakGame_Over/Content/Props/Basura/Tomate.uexp" 978
"C:/Users/karla/Documents/GitHub/FreakGame_Over/Content/FirstPerson/Blueprints/GameFunction/BP_Basura.uasset" 979
"C:/Users/karla/Documents/GitHub/FreakGame_Over/Content/FirstPerson/Blueprints/GameFunction/BP_Basura.uexp" 980
"C:/Users/karla/Documents/GitHub/FreakGame_Over/Content/FirstPerson/Blueprints/GameFunction/WBP_HUD.uasset" 981
"C:/Users/karla/Documents/GitHub/FreakGame_Over/Content/FirstPerson/Blueprints/GameFunction/WBP_HUD.uexp" 982
"C:/Users/karla/Documents/GitHub/FreakGame_Over/Content/FirstPerson/Blueprints/WBP_GameOver.uasset" 983
"C:/Users/karla/Documents/GitHub/FreakGame_Over/Content/FirstPerson/Blueprints/WBP_GameOver.uexp" 984
"C:/Users/karla/Documents/GitHub/FreakGame_Over/Content/FirstPerson/Blueprints/GameFunction/BP_GameManager.uasset" 985
"C:/Users/karla/Documents/GitHub/FreakGame_Over/Content/FirstPerson/Blueprints/GameFunction/BP_GameManager.uexp" 986
"C:/Users/karla/Documents/GitHub/FreakGame_Over/Content/Input/Touch/BPI_TouchInterface.uasset" 987
"C:/Users/karla/Documents/GitHub/FreakGame_Over/Content/Input/Touch/BPI_TouchInterface.uexp" 988
"../../../Engine/Content/MobileResources/HUD/VirtualJoystick_Thumb.uasset" 989
"../../../Engine/Content/MobileResources/HUD/VirtualJoystick_Thumb.uexp" 990
"../../../Engine/Content/MobileResources/HUD/VirtualJoystick_Background.uasset" 991
"../../../Engine/Content/MobileResources/HUD/VirtualJoystick_Background.uexp" 992
"C:/Users/karla/Documents/GitHub/FreakGame_Over/Content/Input/Touch/UI_Thumbstick.uasset" 993
"C:/Users/karla/Documents/GitHub/FreakGame_Over/Content/Input/Touch/UI_Thumbstick.uexp" 994
"C:/Users/karla/Documents/GitHub/FreakGame_Over/Content/Input/Touch/UI_TouchSimple.uasset" 995
"C:/Users/karla/Documents/GitHub/FreakGame_Over/Content/Input/Touch/UI_TouchSimple.uexp" 996
"C:/Users/karla/Documents/GitHub/FreakGame_Over/Content/Characters/Mannequins/Rigs/CR_Mannequin_FootIK.uasset" 997
"C:/Users/karla/Documents/GitHub/FreakGame_Over/Content/Characters/Mannequins/Rigs/CR_Mannequin_FootIK.uexp" 998
"../../../Engine/Content/Animation/DefaultAnimBoneCompressionSettings.uasset" 999
"../../../Engine/Content/Animation/DefaultAnimBoneCompressionSettings.uexp" 1000
"../../../Engine/Content/Animation/DefaultAnimCurveCompressionSettings.uasset" 1001
"../../../Engine/Content/Animation/DefaultAnimCurveCompressionSettings.uexp" 1002
"../../../Engine/Content/Animation/DefaultVariableFrameStrippingSettings.uasset" 1003
"../../../Engine/Content/Animation/DefaultVariableFrameStrippingSettings.uexp" 1004
"C:/Users/karla/Documents/GitHub/FreakGame_Over/Content/Characters/Mannequins/Anims/Unarmed/MM_Idle.uasset" 1005
"C:/Users/karla/Documents/GitHub/FreakGame_Over/Content/Characters/Mannequins/Anims/Unarmed/MM_Idle.uexp" 1006
"C:/Users/karla/Documents/GitHub/FreakGame_Over/Content/Characters/Mannequins/Anims/Unarmed/Jog/MF_Unarmed_Jog_Bwd.uasset" 1007
"C:/Users/karla/Documents/GitHub/FreakGame_Over/Content/Characters/Mannequins/Anims/Unarmed/Jog/MF_Unarmed_Jog_Bwd.uexp" 1008
"../../../Engine/Plugins/Animation/ACLPlugin/Content/ACLAnimCurveCompressionSettings.uasset" 1009
"../../../Engine/Plugins/Animation/ACLPlugin/Content/ACLAnimCurveCompressionSettings.uexp" 1010
"../../../Engine/Content/Animation/DefaultRecorderBoneCompression.uasset" 1011
"../../../Engine/Content/Animation/DefaultRecorderBoneCompression.uexp" 1012
"C:/Users/karla/Documents/GitHub/FreakGame_Over/Content/Characters/Mannequins/Anims/Unarmed/Jog/MF_Unarmed_Jog_Bwd_Left.uasset" 1013
"C:/Users/karla/Documents/GitHub/FreakGame_Over/Content/Characters/Mannequins/Anims/Unarmed/Jog/MF_Unarmed_Jog_Bwd_Left.uexp" 1014
"C:/Users/karla/Documents/GitHub/FreakGame_Over/Content/Characters/Mannequins/Anims/Unarmed/Jog/MF_Unarmed_Jog_Bwd_Right.uasset" 1015
"C:/Users/karla/Documents/GitHub/FreakGame_Over/Content/Characters/Mannequins/Anims/Unarmed/Jog/MF_Unarmed_Jog_Bwd_Right.uexp" 1016
"C:/Users/karla/Documents/GitHub/FreakGame_Over/Content/Characters/Mannequins/Anims/Unarmed/Jog/MF_Unarmed_Jog_Fwd.uasset" 1017
"C:/Users/karla/Documents/GitHub/FreakGame_Over/Content/Characters/Mannequins/Anims/Unarmed/Jog/MF_Unarmed_Jog_Fwd.uexp" 1018
"C:/Users/karla/Documents/GitHub/FreakGame_Over/Content/Characters/Mannequins/Anims/Unarmed/Jog/MF_Unarmed_Jog_Fwd_Left.uasset" 1019
"C:/Users/karla/Documents/GitHub/FreakGame_Over/Content/Characters/Mannequins/Anims/Unarmed/Jog/MF_Unarmed_Jog_Fwd_Left.uexp" 1020
"C:/Users/karla/Documents/GitHub/FreakGame_Over/Content/Characters/Mannequins/Anims/Unarmed/Jog/MF_Unarmed_Jog_Fwd_Right.uasset" 1021
"C:/Users/karla/Documents/GitHub/FreakGame_Over/Content/Characters/Mannequins/Anims/Unarmed/Jog/MF_Unarmed_Jog_Fwd_Right.uexp" 1022
"C:/Users/karla/Documents/GitHub/FreakGame_Over/Content/Characters/Mannequins/Anims/Unarmed/Jog/MF_Unarmed_Jog_Left.uasset" 1023
"C:/Users/karla/Documents/GitHub/FreakGame_Over/Content/Characters/Mannequins/Anims/Unarmed/Jog/MF_Unarmed_Jog_Left.uexp" 1024
"C:/Users/karla/Documents/GitHub/FreakGame_Over/Content/Characters/Mannequins/Anims/Unarmed/Jog/MF_Unarmed_Jog_Right.uasset" 1025
"C:/Users/karla/Documents/GitHub/FreakGame_Over/Content/Characters/Mannequins/Anims/Unarmed/Jog/MF_Unarmed_Jog_Right.uexp" 1026
"C:/Users/karla/Documents/GitHub/FreakGame_Over/Content/Characters/Mannequins/Anims/Unarmed/Walk/MF_Unarmed_Walk_Bwd.uasset" 1027
"C:/Users/karla/Documents/GitHub/FreakGame_Over/Content/Characters/Mannequins/Anims/Unarmed/Walk/MF_Unarmed_Walk_Bwd.uexp" 1028
"C:/Users/karla/Documents/GitHub/FreakGame_Over/Content/Characters/Mannequins/Anims/Unarmed/Walk/MF_Unarmed_Walk_Bwd_Left.uasset" 1029
"C:/Users/karla/Documents/GitHub/FreakGame_Over/Content/Characters/Mannequins/Anims/Unarmed/Walk/MF_Unarmed_Walk_Bwd_Left.uexp" 1030
"C:/Users/karla/Documents/GitHub/FreakGame_Over/Content/Characters/Mannequins/Anims/Unarmed/Walk/MF_Unarmed_Walk_Bwd_Right.uasset" 1031
"C:/Users/karla/Documents/GitHub/FreakGame_Over/Content/Characters/Mannequins/Anims/Unarmed/Walk/MF_Unarmed_Walk_Bwd_Right.uexp" 1032
"C:/Users/karla/Documents/GitHub/FreakGame_Over/Content/Characters/Mannequins/Anims/Unarmed/Walk/MF_Unarmed_Walk_Fwd.uasset" 1033
"C:/Users/karla/Documents/GitHub/FreakGame_Over/Content/Characters/Mannequins/Anims/Unarmed/Walk/MF_Unarmed_Walk_Fwd.uexp" 1034
"C:/Users/karla/Documents/GitHub/FreakGame_Over/Content/Characters/Mannequins/Anims/Unarmed/Walk/MF_Unarmed_Walk_Fwd_Left.uasset" 1035
"C:/Users/karla/Documents/GitHub/FreakGame_Over/Content/Characters/Mannequins/Anims/Unarmed/Walk/MF_Unarmed_Walk_Fwd_Left.uexp" 1036
"C:/Users/karla/Documents/GitHub/FreakGame_Over/Content/Characters/Mannequins/Anims/Unarmed/Walk/MF_Unarmed_Walk_Fwd_Right.uasset" 1037
"C:/Users/karla/Documents/GitHub/FreakGame_Over/Content/Characters/Mannequins/Anims/Unarmed/Walk/MF_Unarmed_Walk_Fwd_Right.uexp" 1038
"C:/Users/karla/Documents/GitHub/FreakGame_Over/Content/Characters/Mannequins/Anims/Unarmed/Walk/MF_Unarmed_Walk_Left.uasset" 1039
"C:/Users/karla/Documents/GitHub/FreakGame_Over/Content/Characters/Mannequins/Anims/Unarmed/Walk/MF_Unarmed_Walk_Left.uexp" 1040
"C:/Users/karla/Documents/GitHub/FreakGame_Over/Content/Characters/Mannequins/Anims/Unarmed/Walk/MF_Unarmed_Walk_Right.uasset" 1041
"C:/Users/karla/Documents/GitHub/FreakGame_Over/Content/Characters/Mannequins/Anims/Unarmed/Walk/MF_Unarmed_Walk_Right.uexp" 1042
"C:/Users/karla/Documents/GitHub/FreakGame_Over/Content/Characters/Mannequins/Anims/Unarmed/BS_Idle_Walk_Run.uasset" 1043
"C:/Users/karla/Documents/GitHub/FreakGame_Over/Content/Characters/Mannequins/Anims/Unarmed/BS_Idle_Walk_Run.uexp" 1044
"C:/Users/karla/Documents/GitHub/FreakGame_Over/Content/Characters/Mannequins/Anims/Unarmed/Jump/MM_Fall_Loop.uasset" 1045
"C:/Users/karla/Documents/GitHub/FreakGame_Over/Content/Characters/Mannequins/Anims/Unarmed/Jump/MM_Fall_Loop.uexp" 1046
"C:/Users/karla/Documents/GitHub/FreakGame_Over/Content/Characters/Mannequins/Anims/Unarmed/Jump/MM_Jump.uasset" 1047
"C:/Users/karla/Documents/GitHub/FreakGame_Over/Content/Characters/Mannequins/Anims/Unarmed/Jump/MM_Jump.uexp" 1048
"C:/Users/karla/Documents/GitHub/FreakGame_Over/Content/Characters/Mannequins/Anims/Unarmed/Jump/MM_Land.uasset" 1049
"C:/Users/karla/Documents/GitHub/FreakGame_Over/Content/Characters/Mannequins/Anims/Unarmed/Jump/MM_Land.uexp" 1050
"C:/Users/karla/Documents/GitHub/FreakGame_Over/Content/Characters/Mannequins/Anims/Unarmed/ABP_Unarmed.uasset" 1051
"C:/Users/karla/Documents/GitHub/FreakGame_Over/Content/Characters/Mannequins/Anims/Unarmed/ABP_Unarmed.uexp" 1052
"C:/Users/karla/Documents/GitHub/FreakGame_Over/Content/FirstPerson/Blueprints/BP_FirstPersonCharacter.uasset" 1053
"C:/Users/karla/Documents/GitHub/FreakGame_Over/Content/FirstPerson/Blueprints/BP_FirstPersonCharacter.uexp" 1054
"C:/Users/karla/Documents/GitHub/FreakGame_Over/Content/FirstPerson/Blueprints/GameFunction/BP_GameMode.uasset" 1055
"C:/Users/karla/Documents/GitHub/FreakGame_Over/Content/FirstPerson/Blueprints/GameFunction/BP_GameMode.uexp" 1056
"../../../Engine/Plugins/2D/Paper2D/Content/DefaultSpriteMaterial.uasset" 1057
"../../../Engine/Plugins/2D/Paper2D/Content/DefaultSpriteMaterial.uexp" 1058
"../../../Engine/Plugins/2D/Paper2D/Content/MaskedUnlitSpriteMaterial.uasset" 1059
"../../../Engine/Plugins/2D/Paper2D/Content/MaskedUnlitSpriteMaterial.uexp" 1060
"../../../Engine/Plugins/2D/Paper2D/Content/OpaqueUnlitSpriteMaterial.uasset" 1061
"../../../Engine/Plugins/2D/Paper2D/Content/OpaqueUnlitSpriteMaterial.uexp" 1062
"../../../Engine/Plugins/Animation/ControlRig/Content/M_Manip.uasset" 1063
"../../../Engine/Plugins/Animation/ControlRig/Content/M_Manip.uexp" 1064
"../../../Engine/Plugins/Media/MediaPlate/Content/SM_MediaPlateScreen.ubulk" 1065
"../../../Engine/Plugins/Media/MediaPlate/Content/SM_MediaPlateScreen.uasset" 1066
"../../../Engine/Plugins/Media/MediaPlate/Content/SM_MediaPlateScreen.uexp" 1067
"../../../Engine/Plugins/NNE/NNEDenoiser/Content/NNEDIM_ColorAlbedoNormal_Alpha.uasset" 1068
"../../../Engine/Plugins/NNE/NNEDenoiser/Content/NNEDIM_ColorAlbedoNormal_Alpha.uexp" 1069
"../../../Engine/Plugins/NNE/NNEDenoiser/Content/NNEDIM_ColorAlbedoNormal_Default.uasset" 1070
"../../../Engine/Plugins/NNE/NNEDenoiser/Content/NNEDIM_ColorAlbedoNormal_Default.uexp" 1071
"../../../Engine/Plugins/NNE/NNEDenoiser/Content/NNEDIM_HighQuality_Alpha.uasset" 1072
"../../../Engine/Plugins/NNE/NNEDenoiser/Content/NNEDIM_HighQuality_Alpha.uexp" 1073
"../../../Engine/Plugins/NNE/NNEDenoiser/Content/NNEDIM_HighQuality_Default.uasset" 1074
"../../../Engine/Plugins/NNE/NNEDenoiser/Content/NNEDIM_HighQuality_Default.uexp" 1075
"../../../Engine/Plugins/NNE/NNEDenoiser/Content/NNEDOM_Output_Alpha.uasset" 1076
"../../../Engine/Plugins/NNE/NNEDenoiser/Content/NNEDOM_Output_Alpha.uexp" 1077
"../../../Engine/Plugins/NNE/NNEDenoiser/Content/NNEDOM_Output_Default.uasset" 1078
"../../../Engine/Plugins/NNE/NNEDenoiser/Content/NNEDOM_Output_Default.uexp" 1079
"../../../Engine/Plugins/NNE/NNEDenoiser/Content/NNEDTIM_ColorAlbedoNormal_Alpha.uasset" 1080
"../../../Engine/Plugins/NNE/NNEDenoiser/Content/NNEDTIM_ColorAlbedoNormal_Alpha.uexp" 1081
"../../../Engine/Plugins/NNE/NNEDenoiser/Content/NNEDTIM_ColorAlbedoNormal_Default.uasset" 1082
"../../../Engine/Plugins/NNE/NNEDenoiser/Content/NNEDTIM_ColorAlbedoNormal_Default.uexp" 1083
"../../../Engine/Plugins/NNE/NNEDenoiser/Content/NNEDTOM_Output_Alpha.uasset" 1084
"../../../Engine/Plugins/NNE/NNEDenoiser/Content/NNEDTOM_Output_Alpha.uexp" 1085
"../../../Engine/Plugins/NNE/NNEDenoiser/Content/NNEDTOM_Output_Default.uasset" 1086
"../../../Engine/Plugins/NNE/NNEDenoiser/Content/NNEDTOM_Output_Default.uexp" 1087
"../../../Engine/Plugins/NNE/NNEDenoiser/Content/NNEDT_Oidn2-3_Balanced.uasset" 1088
"../../../Engine/Plugins/NNE/NNEDenoiser/Content/NNEDT_Oidn2-3_Balanced.uexp" 1089
"../../../Engine/Plugins/NNE/NNEDenoiser/Content/NNEDT_Oidn2-3_Balanced_Alpha.uasset" 1090
"../../../Engine/Plugins/NNE/NNEDenoiser/Content/NNEDT_Oidn2-3_Balanced_Alpha.uexp" 1091
"../../../Engine/Plugins/NNE/NNEDenoiser/Content/NNED_Oidn2-3_Balanced.uasset" 1092
"../../../Engine/Plugins/NNE/NNEDenoiser/Content/NNED_Oidn2-3_Balanced.uexp" 1093
"../../../Engine/Plugins/NNE/NNEDenoiser/Content/NNED_Oidn2-3_Balanced_Alpha.uasset" 1094
"../../../Engine/Plugins/NNE/NNEDenoiser/Content/NNED_Oidn2-3_Balanced_Alpha.uexp" 1095
"../../../Engine/Plugins/NNE/NNEDenoiser/Content/NNED_Oidn2-3_Fast.uasset" 1096
"../../../Engine/Plugins/NNE/NNEDenoiser/Content/NNED_Oidn2-3_Fast.uexp" 1097
"../../../Engine/Plugins/NNE/NNEDenoiser/Content/NNED_Oidn2-3_Fast_Alpha.uasset" 1098
"../../../Engine/Plugins/NNE/NNEDenoiser/Content/NNED_Oidn2-3_Fast_Alpha.uexp" 1099
"../../../Engine/Plugins/NNE/NNEDenoiser/Content/NNED_Oidn2-3_HighQuality.uasset" 1100
"../../../Engine/Plugins/NNE/NNEDenoiser/Content/NNED_Oidn2-3_HighQuality.uexp" 1101
"../../../Engine/Plugins/NNE/NNEDenoiser/Content/NNED_Oidn2-3_HighQuality_Alpha.uasset" 1102
"../../../Engine/Plugins/NNE/NNEDenoiser/Content/NNED_Oidn2-3_HighQuality_Alpha.uexp" 1103
"../../../Engine/Plugins/NNE/NNEDenoiser/Content/NNE_oidn2-3-0_rt_hdr_alb_nrm_small__dyn__fp16_opset11_DenoiseAlpha.uasset" 1104
"../../../Engine/Plugins/NNE/NNEDenoiser/Content/NNE_oidn2-3-0_rt_hdr_alb_nrm_small__dyn__fp16_opset11_DenoiseAlpha.uexp" 1105
"../../../Engine/Plugins/NNE/NNEDenoiser/Content/NNE_oidn2-3-0_rt_hdr_alb_nrm_small__dyn__fp16_opset11_ForwardAlpha.uasset" 1106
"../../../Engine/Plugins/NNE/NNEDenoiser/Content/NNE_oidn2-3-0_rt_hdr_alb_nrm_small__dyn__fp16_opset11_ForwardAlpha.uexp" 1107
"../../../Engine/Plugins/NNE/NNEDenoiser/Content/NNE_oidn2-3-0_rt_hdr_alb_nrm__dyn__fp16_opset11_DenoiseAlpha.uasset" 1108
"../../../Engine/Plugins/NNE/NNEDenoiser/Content/NNE_oidn2-3-0_rt_hdr_alb_nrm__dyn__fp16_opset11_DenoiseAlpha.uexp" 1109
"../../../Engine/Plugins/NNE/NNEDenoiser/Content/NNE_oidn2-3-0_rt_hdr_alb_nrm__dyn__fp16_opset11_ForwardAlpha.uasset" 1110
"../../../Engine/Plugins/NNE/NNEDenoiser/Content/NNE_oidn2-3-0_rt_hdr_alb_nrm__dyn__fp16_opset11_ForwardAlpha.uexp" 1111
"../../../Engine/Plugins/NNE/NNEDenoiser/Content/NNE_oidn2-3-0_rt_hdr_calb_cnrm_large__dyn__fp16_opset11_DenoiseAlpha.uasset" 1112
"../../../Engine/Plugins/NNE/NNEDenoiser/Content/NNE_oidn2-3-0_rt_hdr_calb_cnrm_large__dyn__fp16_opset11_DenoiseAlpha.uexp" 1113
"../../../Engine/Plugins/NNE/NNEDenoiser/Content/NNE_oidn2-3-0_rt_hdr_calb_cnrm_large__dyn__fp16_opset11_ForwardAlpha.uasset" 1114
"../../../Engine/Plugins/NNE/NNEDenoiser/Content/NNE_oidn2-3-0_rt_hdr_calb_cnrm_large__dyn__fp16_opset11_ForwardAlpha.uexp" 1115
"../../../Engine/Content/BasicShapes/BasicShapeMaterial.uasset" 1116
"../../../Engine/Content/BasicShapes/BasicShapeMaterial.uexp" 1117
"../../../Engine/Content/EngineMaterials/DefaultMaterial.uasset" 1118
"../../../Engine/Content/EngineMaterials/DefaultMaterial.uexp" 1119
"../../../Engine/Content/BasicShapes/Cone.ubulk" 1120
"../../../Engine/Content/BasicShapes/Cone.uasset" 1121
"../../../Engine/Content/BasicShapes/Cone.uexp" 1122
"../../../Engine/Content/BasicShapes/Cylinder.ubulk" 1123
"../../../Engine/Content/BasicShapes/Cylinder.uasset" 1124
"../../../Engine/Content/BasicShapes/Cylinder.uexp" 1125
"../../../Engine/Content/BasicShapes/Plane.ubulk" 1126
"../../../Engine/Content/BasicShapes/Plane.uasset" 1127
"../../../Engine/Content/BasicShapes/Plane.uexp" 1128
"../../../Engine/Content/BasicShapes/Sphere.ubulk" 1129
"../../../Engine/Content/BasicShapes/Sphere.uasset" 1130
"../../../Engine/Content/BasicShapes/Sphere.uexp" 1131
"../../../Engine/Content/Maps/Entry_BuiltData.uasset" 1132
"../../../Engine/Content/Maps/Entry_BuiltData.uexp" 1133
"../../../Engine/Content/Maps/Entry.uexp" 1134
"../../../Engine/Content/Maps/Entry.umap" 1135
"../../../Engine/Content/BasicShapes/Cube.ubulk" 1136
"../../../Engine/Content/BasicShapes/Cube.uasset" 1137
"../../../Engine/Content/BasicShapes/Cube.uexp" 1138
"../../../Engine/Content/EngineMaterials/DefaultWhiteGrid.ubulk" 1139
"../../../Engine/Content/EngineMaterials/DefaultWhiteGrid.uasset" 1140
"../../../Engine/Content/EngineMaterials/DefaultWhiteGrid.uexp" 1141
"../../../Engine/Content/EngineDebugMaterials/MAT_LevelColorationLitLightmapUV.uasset" 1142
"../../../Engine/Content/EngineDebugMaterials/MAT_LevelColorationLitLightmapUV.uexp" 1143
"../../../Engine/Content/EngineSky/T_Sky_Blue.ubulk" 1144
"../../../Engine/Content/EngineSky/T_Sky_Blue.uasset" 1145
"../../../Engine/Content/EngineSky/T_Sky_Blue.uexp" 1146
"../../../Engine/Content/EngineSky/T_Sky_Clouds_M.ubulk" 1147
"../../../Engine/Content/EngineSky/T_Sky_Clouds_M.uasset" 1148
"../../../Engine/Content/EngineSky/T_Sky_Clouds_M.uexp" 1149
"../../../Engine/Content/EngineSky/T_Sky_Stars.ubulk" 1150
"../../../Engine/Content/EngineSky/T_Sky_Stars.uasset" 1151
"../../../Engine/Content/EngineSky/T_Sky_Stars.uexp" 1152
"../../../Engine/Content/EngineSky/M_Sky_Panning_Clouds2.uasset" 1153
"../../../Engine/Content/EngineSky/M_Sky_Panning_Clouds2.uexp" 1154
"../../../Engine/Content/EngineSky/SM_SkySphere.ubulk" 1155
"../../../Engine/Content/EngineSky/SM_SkySphere.uasset" 1156
"../../../Engine/Content/EngineSky/SM_SkySphere.uexp" 1157
"../../../Engine/Content/Functions/Engine_MaterialFunctions02/Utility/BreakOutFloat4Components.uasset" 1158
"../../../Engine/Content/Functions/Engine_MaterialFunctions02/Utility/BreakOutFloat4Components.uexp" 1159
"../../../Engine/Content/Functions/Engine_MaterialFunctions02/Utility/MakeFloat4.uasset" 1160
"../../../Engine/Content/Functions/Engine_MaterialFunctions02/Utility/MakeFloat4.uexp" 1161
"../../../Engine/Content/EngineResources/DefaultVolumeTexture2D.uasset" 1162
"../../../Engine/Content/EngineResources/DefaultVolumeTexture2D.uexp" 1163
"../../../Engine/Content/EngineResources/DefaultVolumeTexture.uasset" 1164
"../../../Engine/Content/EngineResources/DefaultVolumeTexture.uexp" 1165
"../../../Engine/Content/EngineSky/VolumetricClouds/VT_Lightning.uasset" 1166
"../../../Engine/Content/EngineSky/VolumetricClouds/VT_Lightning.uexp" 1167
"../../../Engine/Content/Functions/Engine_MaterialFunctions01/Units/Km-to-Cm.uasset" 1168
"../../../Engine/Content/Functions/Engine_MaterialFunctions01/Units/Km-to-Cm.uexp" 1169
"../../../Engine/Content/EngineSky/VolumetricClouds/m_SimpleVolumetricCloud.uasset" 1170
"../../../Engine/Content/EngineSky/VolumetricClouds/m_SimpleVolumetricCloud.uexp" 1171
"../../../Engine/Content/EngineSky/VolumetricClouds/T_CloudMask.ubulk" 1172
"../../../Engine/Content/EngineSky/VolumetricClouds/T_CloudMask.uasset" 1173
"../../../Engine/Content/EngineSky/VolumetricClouds/T_CloudMask.uexp" 1174
"../../../Engine/Content/EngineSky/VolumetricClouds/T_CloudPattern.ubulk" 1175
"../../../Engine/Content/EngineSky/VolumetricClouds/T_CloudPattern.uasset" 1176
"../../../Engine/Content/EngineSky/VolumetricClouds/T_CloudPattern.uexp" 1177
"../../../Engine/Content/EngineSky/VolumetricClouds/T_Profile_08.ubulk" 1178
"../../../Engine/Content/EngineSky/VolumetricClouds/T_Profile_08.uasset" 1179
"../../../Engine/Content/EngineSky/VolumetricClouds/T_Profile_08.uexp" 1180
"../../../Engine/Content/EngineSky/VolumetricClouds/VT_PerlinWorley_Balanced.uasset" 1181
"../../../Engine/Content/EngineSky/VolumetricClouds/VT_PerlinWorley_Balanced.uexp" 1182
"../../../Engine/Content/EngineSky/VolumetricClouds/m_SimpleVolumetricCloud_Inst.uasset" 1183
"../../../Engine/Content/EngineSky/VolumetricClouds/m_SimpleVolumetricCloud_Inst.uexp" 1184
"C:/Users/karla/Documents/GitHub/FreakGame_Over/Content/BluePrints_Juan/WBP_Caldera.uasset" 1185
"C:/Users/karla/Documents/GitHub/FreakGame_Over/Content/BluePrints_Juan/WBP_Caldera.uexp" 1186
"C:/Users/karla/Documents/GitHub/FreakGame_Over/Content/BluePrints_Juan/BP_Caldera.uasset" 1187
"C:/Users/karla/Documents/GitHub/FreakGame_Over/Content/BluePrints_Juan/BP_Caldera.uexp" 1188
"C:/Users/karla/Documents/GitHub/FreakGame_Over/Content/Props/Carbon/Carbon.ubulk" 1189
"C:/Users/karla/Documents/GitHub/FreakGame_Over/Content/Props/Carbon/Carbon.uasset" 1190
"C:/Users/karla/Documents/GitHub/FreakGame_Over/Content/Props/Carbon/Carbon.uexp" 1191
"C:/Users/karla/Documents/GitHub/FreakGame_Over/Content/Props/Carbon/Textures/Carbon_DefaultMaterial_BaseColor.ubulk" 1192
"C:/Users/karla/Documents/GitHub/FreakGame_Over/Content/Props/Carbon/Textures/Carbon_DefaultMaterial_BaseColor.uasset" 1193
"C:/Users/karla/Documents/GitHub/FreakGame_Over/Content/Props/Carbon/Textures/Carbon_DefaultMaterial_BaseColor.uexp" 1194
"C:/Users/karla/Documents/GitHub/FreakGame_Over/Content/Props/Carbon/Textures/Carbon_DefaultMaterial_Normal.ubulk" 1195
"C:/Users/karla/Documents/GitHub/FreakGame_Over/Content/Props/Carbon/Textures/Carbon_DefaultMaterial_Normal.uasset" 1196
"C:/Users/karla/Documents/GitHub/FreakGame_Over/Content/Props/Carbon/Textures/Carbon_DefaultMaterial_Normal.uexp" 1197
"C:/Users/karla/Documents/GitHub/FreakGame_Over/Content/Props/Carbon/Textures/Carbon_DefaultMaterial_Roughness.ubulk" 1198
"C:/Users/karla/Documents/GitHub/FreakGame_Over/Content/Props/Carbon/Textures/Carbon_DefaultMaterial_Roughness.uasset" 1199
"C:/Users/karla/Documents/GitHub/FreakGame_Over/Content/Props/Carbon/Textures/Carbon_DefaultMaterial_Roughness.uexp" 1200
"C:/Users/karla/Documents/GitHub/FreakGame_Over/Content/Props/Materials/MM_Carbon.uasset" 1201
"C:/Users/karla/Documents/GitHub/FreakGame_Over/Content/Props/Materials/MM_Carbon.uexp" 1202
"C:/Users/karla/Documents/GitHub/FreakGame_Over/Content/BluePrints_Juan/BP_Spawn_Carbon.uasset" 1203
"C:/Users/karla/Documents/GitHub/FreakGame_Over/Content/BluePrints_Juan/BP_Spawn_Carbon.uexp" 1204
"C:/Users/karla/Documents/GitHub/FreakGame_Over/Content/BluePrints_Juan/BP_Carbon.uasset" 1205
"C:/Users/karla/Documents/GitHub/FreakGame_Over/Content/BluePrints_Juan/BP_Carbon.uexp" 1206
"C:/Users/karla/Documents/GitHub/FreakGame_Over/Content/BluePrints_Juan/WBP_Presion.uasset" 1207
"C:/Users/karla/Documents/GitHub/FreakGame_Over/Content/BluePrints_Juan/WBP_Presion.uexp" 1208
"C:/Users/karla/Documents/GitHub/FreakGame_Over/Content/BluePrints_Juan/BP_Presion.uasset" 1209
"C:/Users/karla/Documents/GitHub/FreakGame_Over/Content/BluePrints_Juan/BP_Presion.uexp" 1210
"C:/Users/karla/Documents/GitHub/FreakGame_Over/Content/BluePrints_Juan/AD_Soprano.ubulk" 1211
"C:/Users/karla/Documents/GitHub/FreakGame_Over/Content/BluePrints_Juan/AD_Soprano.uasset" 1212
"C:/Users/karla/Documents/GitHub/FreakGame_Over/Content/BluePrints_Juan/AD_Soprano.uexp" 1213
"C:/Users/karla/Documents/GitHub/FreakGame_Over/Content/Character/Soprano/Textures/SopranoSinger_Low_SopranoSinger_Low_BaseColor.ubulk" 1214
"C:/Users/karla/Documents/GitHub/FreakGame_Over/Content/Character/Soprano/Textures/SopranoSinger_Low_SopranoSinger_Low_BaseColor.uasset" 1215
"C:/Users/karla/Documents/GitHub/FreakGame_Over/Content/Character/Soprano/Textures/SopranoSinger_Low_SopranoSinger_Low_BaseColor.uexp" 1216
"C:/Users/karla/Documents/GitHub/FreakGame_Over/Content/Character/Soprano/Textures/SopranoSinger_Low_SopranoSinger_Low_Emissive.ubulk" 1217
"C:/Users/karla/Documents/GitHub/FreakGame_Over/Content/Character/Soprano/Textures/SopranoSinger_Low_SopranoSinger_Low_Emissive.uasset" 1218
"C:/Users/karla/Documents/GitHub/FreakGame_Over/Content/Character/Soprano/Textures/SopranoSinger_Low_SopranoSinger_Low_Emissive.uexp" 1219
"C:/Users/karla/Documents/GitHub/FreakGame_Over/Content/Character/Soprano/Textures/SopranoSinger_Low_SopranoSinger_Low_Normal.ubulk" 1220
"C:/Users/karla/Documents/GitHub/FreakGame_Over/Content/Character/Soprano/Textures/SopranoSinger_Low_SopranoSinger_Low_Normal.uasset" 1221
"C:/Users/karla/Documents/GitHub/FreakGame_Over/Content/Character/Soprano/Textures/SopranoSinger_Low_SopranoSinger_Low_Normal.uexp" 1222
"C:/Users/karla/Documents/GitHub/FreakGame_Over/Content/Character/Soprano/Textures/SopranoSinger_Low_SopranoSinger_Low_OcclusionRoughnessMetallic.ubulk" 1223
"C:/Users/karla/Documents/GitHub/FreakGame_Over/Content/Character/Soprano/Textures/SopranoSinger_Low_SopranoSinger_Low_OcclusionRoughnessMetallic.uasset" 1224
"C:/Users/karla/Documents/GitHub/FreakGame_Over/Content/Character/Soprano/Textures/SopranoSinger_Low_SopranoSinger_Low_OcclusionRoughnessMetallic.uexp" 1225
"C:/Users/karla/Documents/GitHub/FreakGame_Over/Content/Props/Materials/MM_Soprano.uasset" 1226
"C:/Users/karla/Documents/GitHub/FreakGame_Over/Content/Props/Materials/MM_Soprano.uexp" 1227
"C:/Users/karla/Documents/GitHub/FreakGame_Over/Content/Character/Soprano/SopranoSinger_Low.ubulk" 1228
"C:/Users/karla/Documents/GitHub/FreakGame_Over/Content/Character/Soprano/SopranoSinger_Low.uasset" 1229
"C:/Users/karla/Documents/GitHub/FreakGame_Over/Content/Character/Soprano/SopranoSinger_Low.uexp" 1230
"C:/Users/karla/Documents/GitHub/FreakGame_Over/Content/BluePrints_Juan/SE_Delay_Soprano.uasset" 1231
"C:/Users/karla/Documents/GitHub/FreakGame_Over/Content/BluePrints_Juan/SE_Delay_Soprano.uexp" 1232
"C:/Users/karla/Documents/GitHub/FreakGame_Over/Content/BluePrints_Juan/SE_Filter_Soprano.uasset" 1233
"C:/Users/karla/Documents/GitHub/FreakGame_Over/Content/BluePrints_Juan/SE_Filter_Soprano.uexp" 1234
"C:/Users/karla/Documents/GitHub/FreakGame_Over/Content/BluePrints_Juan/SE_FoldbackDistortion_Soprano.uasset" 1235
"C:/Users/karla/Documents/GitHub/FreakGame_Over/Content/BluePrints_Juan/SE_FoldbackDistortion_Soprano.uexp" 1236
"C:/Users/karla/Documents/GitHub/FreakGame_Over/Content/BluePrints_Juan/SEC_Soprano_Distortion.uasset" 1237
"C:/Users/karla/Documents/GitHub/FreakGame_Over/Content/BluePrints_Juan/SEC_Soprano_Distortion.uexp" 1238
"C:/Users/karla/Documents/GitHub/FreakGame_Over/Content/Props/Efectos/Ataque_Soprano/Wave.uasset" 1239
"C:/Users/karla/Documents/GitHub/FreakGame_Over/Content/Props/Efectos/Ataque_Soprano/Wave.uexp" 1240
"C:/Users/karla/Documents/GitHub/FreakGame_Over/Content/Props/Efectos/Ataque_Soprano/M_wave.uasset" 1241
"C:/Users/karla/Documents/GitHub/FreakGame_Over/Content/Props/Efectos/Ataque_Soprano/M_wave.uexp" 1242
"C:/Users/karla/Documents/GitHub/FreakGame_Over/Content/Props/Efectos/Ataque_Soprano/NS_Wave_effect.uasset" 1243
"C:/Users/karla/Documents/GitHub/FreakGame_Over/Content/Props/Efectos/Ataque_Soprano/NS_Wave_effect.uexp" 1244
"C:/Users/karla/Documents/GitHub/FreakGame_Over/Content/FirstPerson/Blueprints/GameFunction/BP_OndaSoprano.uasset" 1245
"C:/Users/karla/Documents/GitHub/FreakGame_Over/Content/FirstPerson/Blueprints/GameFunction/BP_OndaSoprano.uexp" 1246
"C:/Users/karla/Documents/GitHub/FreakGame_Over/Content/BluePrints_Juan/BP_Soprano.uasset" 1247
"C:/Users/karla/Documents/GitHub/FreakGame_Over/Content/BluePrints_Juan/BP_Soprano.uexp" 1248
"C:/Users/karla/Documents/GitHub/FreakGame_Over/Content/Character/Director/Maestro_LP.ubulk" 1249
"C:/Users/karla/Documents/GitHub/FreakGame_Over/Content/Character/Director/Maestro_LP.uasset" 1250
"C:/Users/karla/Documents/GitHub/FreakGame_Over/Content/Character/Director/Maestro_LP.uexp" 1251
"../../../Engine/Content/Functions/Engine_MaterialFunctions01/Gradient/LinearGradient.uasset" 1252
"../../../Engine/Content/Functions/Engine_MaterialFunctions01/Gradient/LinearGradient.uexp" 1253
"../../../Engine/Content/Functions/Engine_MaterialFunctions01/ImageAdjustment/CheapContrast.uasset" 1254
"../../../Engine/Content/Functions/Engine_MaterialFunctions01/ImageAdjustment/CheapContrast.uexp" 1255
"C:/Users/karla/Documents/GitHub/FreakGame_Over/Content/LevelPrototyping/Textures/T_GridChecker_A.ubulk" 1256
"C:/Users/karla/Documents/GitHub/FreakGame_Over/Content/LevelPrototyping/Textures/T_GridChecker_A.uasset" 1257
"C:/Users/karla/Documents/GitHub/FreakGame_Over/Content/LevelPrototyping/Textures/T_GridChecker_A.uexp" 1258
"C:/Users/karla/Documents/GitHub/FreakGame_Over/Content/LevelPrototyping/Materials/MF_ProcGrid.uasset" 1259
"C:/Users/karla/Documents/GitHub/FreakGame_Over/Content/LevelPrototyping/Materials/MF_ProcGrid.uexp" 1260
"C:/Users/karla/Documents/GitHub/FreakGame_Over/Content/LevelPrototyping/Materials/M_PrototypeGrid.uasset" 1261
"C:/Users/karla/Documents/GitHub/FreakGame_Over/Content/LevelPrototyping/Materials/M_PrototypeGrid.uexp" 1262
"C:/Users/karla/Documents/GitHub/FreakGame_Over/Content/LevelPrototyping/Materials/MI_PrototypeGrid_Gray_02.uasset" 1263
"C:/Users/karla/Documents/GitHub/FreakGame_Over/Content/LevelPrototyping/Materials/MI_PrototypeGrid_Gray_02.uexp" 1264
"C:/Users/karla/Documents/GitHub/FreakGame_Over/Content/LevelPrototyping/Materials/MI_PrototypeGrid_Gray.uasset" 1265
"C:/Users/karla/Documents/GitHub/FreakGame_Over/Content/LevelPrototyping/Materials/MI_PrototypeGrid_Gray.uexp" 1266
"C:/Users/karla/Documents/GitHub/FreakGame_Over/Content/LevelPrototyping/Meshes/SM_Cube.ubulk" 1267
"C:/Users/karla/Documents/GitHub/FreakGame_Over/Content/LevelPrototyping/Meshes/SM_Cube.uasset" 1268
"C:/Users/karla/Documents/GitHub/FreakGame_Over/Content/LevelPrototyping/Meshes/SM_Cube.uexp" 1269
"C:/Users/karla/Documents/GitHub/FreakGame_Over/Content/Props/Curtains/Textures/Cortinas_Teatro_estaticas_CortinasEstaticas_BaseColor.ubulk" 1270
"C:/Users/karla/Documents/GitHub/FreakGame_Over/Content/Props/Curtains/Textures/Cortinas_Teatro_estaticas_CortinasEstaticas_BaseColor.uasset" 1271
"C:/Users/karla/Documents/GitHub/FreakGame_Over/Content/Props/Curtains/Textures/Cortinas_Teatro_estaticas_CortinasEstaticas_BaseColor.uexp" 1272
"C:/Users/karla/Documents/GitHub/FreakGame_Over/Content/Props/Curtains/Textures/Cortinas_Teatro_estaticas_CortinasEstaticas_Normal.ubulk" 1273
"C:/Users/karla/Documents/GitHub/FreakGame_Over/Content/Props/Curtains/Textures/Cortinas_Teatro_estaticas_CortinasEstaticas_Normal.uasset" 1274
"C:/Users/karla/Documents/GitHub/FreakGame_Over/Content/Props/Curtains/Textures/Cortinas_Teatro_estaticas_CortinasEstaticas_Normal.uexp" 1275
"C:/Users/karla/Documents/GitHub/FreakGame_Over/Content/Props/Curtains/Textures/Cortinas_Teatro_estaticas_CortinasEstaticas_OcclusionRoughnessMetallic.ubulk" 1276
"C:/Users/karla/Documents/GitHub/FreakGame_Over/Content/Props/Curtains/Textures/Cortinas_Teatro_estaticas_CortinasEstaticas_OcclusionRoughnessMetallic.uasset" 1277
"C:/Users/karla/Documents/GitHub/FreakGame_Over/Content/Props/Curtains/Textures/Cortinas_Teatro_estaticas_CortinasEstaticas_OcclusionRoughnessMetallic.uexp" 1278
"C:/Users/karla/Documents/GitHub/FreakGame_Over/Content/Props/Materials/MM_Curtains.uasset" 1279
"C:/Users/karla/Documents/GitHub/FreakGame_Over/Content/Props/Materials/MM_Curtains.uexp" 1280
"C:/Users/karla/Documents/GitHub/FreakGame_Over/Content/Props/Curtains/Cortina_Derecha_Hight.ubulk" 1281
"C:/Users/karla/Documents/GitHub/FreakGame_Over/Content/Props/Curtains/Cortina_Derecha_Hight.uasset" 1282
"C:/Users/karla/Documents/GitHub/FreakGame_Over/Content/Props/Curtains/Cortina_Derecha_Hight.uexp" 1283
"C:/Users/karla/Documents/GitHub/FreakGame_Over/Content/Props/Curtains/Cortina_Izquierda_Hight.ubulk" 1284
"C:/Users/karla/Documents/GitHub/FreakGame_Over/Content/Props/Curtains/Cortina_Izquierda_Hight.uasset" 1285
"C:/Users/karla/Documents/GitHub/FreakGame_Over/Content/Props/Curtains/Cortina_Izquierda_Hight.uexp" 1286
"C:/Users/karla/Documents/GitHub/FreakGame_Over/Content/Props/Lampara_Central/01_Lampara_Central.ubulk" 1287
"C:/Users/karla/Documents/GitHub/FreakGame_Over/Content/Props/Lampara_Central/01_Lampara_Central.uasset" 1288
"C:/Users/karla/Documents/GitHub/FreakGame_Over/Content/Props/Lampara_Central/01_Lampara_Central.uexp" 1289
"C:/Users/karla/Documents/GitHub/FreakGame_Over/Content/Props/Lampara_Central/01_Lampara_Lateral.ubulk" 1290
"C:/Users/karla/Documents/GitHub/FreakGame_Over/Content/Props/Lampara_Central/01_Lampara_Lateral.uasset" 1291
"C:/Users/karla/Documents/GitHub/FreakGame_Over/Content/Props/Lampara_Central/01_Lampara_Lateral.uexp" 1292
"C:/Users/karla/Documents/GitHub/FreakGame_Over/Content/Props/Lampara_Central/02_Reflectores.ubulk" 1293
"C:/Users/karla/Documents/GitHub/FreakGame_Over/Content/Props/Lampara_Central/02_Reflectores.uasset" 1294
"C:/Users/karla/Documents/GitHub/FreakGame_Over/Content/Props/Lampara_Central/02_Reflectores.uexp" 1295
"C:/Users/karla/Documents/GitHub/FreakGame_Over/Content/Props/Maquina_Instrumental/21_Uvs_Low_Maquina_Instrumental.ubulk" 1296
"C:/Users/karla/Documents/GitHub/FreakGame_Over/Content/Props/Maquina_Instrumental/21_Uvs_Low_Maquina_Instrumental.uasset" 1297
"C:/Users/karla/Documents/GitHub/FreakGame_Over/Content/Props/Maquina_Instrumental/21_Uvs_Low_Maquina_Instrumental.uexp" 1298
"C:/Users/karla/Documents/GitHub/FreakGame_Over/Content/Props/Mascara_fondo/Mascara_lp_texturas.ubulk" 1299
"C:/Users/karla/Documents/GitHub/FreakGame_Over/Content/Props/Mascara_fondo/Mascara_lp_texturas.uasset" 1300
"C:/Users/karla/Documents/GitHub/FreakGame_Over/Content/Props/Mascara_fondo/Mascara_lp_texturas.uexp" 1301
"C:/Users/karla/Documents/GitHub/FreakGame_Over/Content/Character/Director/Cara/Maestro_LP_Low_poly_to_High_Emissive.ubulk" 1302
"C:/Users/karla/Documents/GitHub/FreakGame_Over/Content/Character/Director/Cara/Maestro_LP_Low_poly_to_High_Emissive.uasset" 1303
"C:/Users/karla/Documents/GitHub/FreakGame_Over/Content/Character/Director/Cara/Maestro_LP_Low_poly_to_High_Emissive.uexp" 1304
"C:/Users/karla/Documents/GitHub/FreakGame_Over/Content/Character/Director/Cuerpo/Maestro_LP_VESTIMENTA_Metallic.ubulk" 1305
"C:/Users/karla/Documents/GitHub/FreakGame_Over/Content/Character/Director/Cuerpo/Maestro_LP_VESTIMENTA_Metallic.uasset" 1306
"C:/Users/karla/Documents/GitHub/FreakGame_Over/Content/Character/Director/Cuerpo/Maestro_LP_VESTIMENTA_Metallic.uexp" 1307
"C:/Users/karla/Documents/GitHub/FreakGame_Over/Content/Character/Director/Cuerpo/Maestro_LP_VESTIMENTA_BaseColor.ubulk" 1308
"C:/Users/karla/Documents/GitHub/FreakGame_Over/Content/Character/Director/Cuerpo/Maestro_LP_VESTIMENTA_BaseColor.uasset" 1309
"C:/Users/karla/Documents/GitHub/FreakGame_Over/Content/Character/Director/Cuerpo/Maestro_LP_VESTIMENTA_BaseColor.uexp" 1310
"C:/Users/karla/Documents/GitHub/FreakGame_Over/Content/Character/Director/Cuerpo/Maestro_LP_VESTIMENTA_Normal.ubulk" 1311
"C:/Users/karla/Documents/GitHub/FreakGame_Over/Content/Character/Director/Cuerpo/Maestro_LP_VESTIMENTA_Normal.uasset" 1312
"C:/Users/karla/Documents/GitHub/FreakGame_Over/Content/Character/Director/Cuerpo/Maestro_LP_VESTIMENTA_Normal.uexp" 1313
"C:/Users/karla/Documents/GitHub/FreakGame_Over/Content/Character/Director/Cuerpo/Maestro_LP_VESTIMENTA_Roughness.ubulk" 1314
"C:/Users/karla/Documents/GitHub/FreakGame_Over/Content/Character/Director/Cuerpo/Maestro_LP_VESTIMENTA_Roughness.uasset" 1315
"C:/Users/karla/Documents/GitHub/FreakGame_Over/Content/Character/Director/Cuerpo/Maestro_LP_VESTIMENTA_Roughness.uexp" 1316
"C:/Users/karla/Documents/GitHub/FreakGame_Over/Content/Props/Materials/MM_Director.uasset" 1317
"C:/Users/karla/Documents/GitHub/FreakGame_Over/Content/Props/Materials/MM_Director.uexp" 1318
"C:/Users/karla/Documents/GitHub/FreakGame_Over/Content/Character/Director/Cara/Maestro_LP_Low_poly_to_High_BaseColor.ubulk" 1319
"C:/Users/karla/Documents/GitHub/FreakGame_Over/Content/Character/Director/Cara/Maestro_LP_Low_poly_to_High_BaseColor.uasset" 1320
"C:/Users/karla/Documents/GitHub/FreakGame_Over/Content/Character/Director/Cara/Maestro_LP_Low_poly_to_High_BaseColor.uexp" 1321
"C:/Users/karla/Documents/GitHub/FreakGame_Over/Content/Character/Director/Cara/Maestro_LP_Low_poly_to_High_Normal.ubulk" 1322
"C:/Users/karla/Documents/GitHub/FreakGame_Over/Content/Character/Director/Cara/Maestro_LP_Low_poly_to_High_Normal.uasset" 1323
"C:/Users/karla/Documents/GitHub/FreakGame_Over/Content/Character/Director/Cara/Maestro_LP_Low_poly_to_High_Normal.uexp" 1324
"C:/Users/karla/Documents/GitHub/FreakGame_Over/Content/Character/Director/Cara/Maestro_LP_Low_poly_to_High_Roughness.ubulk" 1325
"C:/Users/karla/Documents/GitHub/FreakGame_Over/Content/Character/Director/Cara/Maestro_LP_Low_poly_to_High_Roughness.uasset" 1326
"C:/Users/karla/Documents/GitHub/FreakGame_Over/Content/Character/Director/Cara/Maestro_LP_Low_poly_to_High_Roughness.uexp" 1327
"C:/Users/karla/Documents/GitHub/FreakGame_Over/Content/Props/Materials/MI_Director_Cara.uasset" 1328
"C:/Users/karla/Documents/GitHub/FreakGame_Over/Content/Props/Materials/MI_Director_Cara.uexp" 1329
"C:/Users/karla/Documents/GitHub/FreakGame_Over/Content/Props/Maquina_Instrumental/Textures/Bronce/21_Uvs_Low_Maquina_Instrumental_Bronce_BaseColor.ubulk" 1330
"C:/Users/karla/Documents/GitHub/FreakGame_Over/Content/Props/Maquina_Instrumental/Textures/Bronce/21_Uvs_Low_Maquina_Instrumental_Bronce_BaseColor.uasset" 1331
"C:/Users/karla/Documents/GitHub/FreakGame_Over/Content/Props/Maquina_Instrumental/Textures/Bronce/21_Uvs_Low_Maquina_Instrumental_Bronce_BaseColor.uexp" 1332
"C:/Users/karla/Documents/GitHub/FreakGame_Over/Content/Props/Maquina_Instrumental/Textures/Bronce/21_Uvs_Low_Maquina_Instrumental_Bronce_Height.ubulk" 1333
"C:/Users/karla/Documents/GitHub/FreakGame_Over/Content/Props/Maquina_Instrumental/Textures/Bronce/21_Uvs_Low_Maquina_Instrumental_Bronce_Height.uasset" 1334
"C:/Users/karla/Documents/GitHub/FreakGame_Over/Content/Props/Maquina_Instrumental/Textures/Bronce/21_Uvs_Low_Maquina_Instrumental_Bronce_Height.uexp" 1335
"C:/Users/karla/Documents/GitHub/FreakGame_Over/Content/Props/Maquina_Instrumental/Textures/Bronce/21_Uvs_Low_Maquina_Instrumental_Bronce_Metallic.ubulk" 1336
"C:/Users/karla/Documents/GitHub/FreakGame_Over/Content/Props/Maquina_Instrumental/Textures/Bronce/21_Uvs_Low_Maquina_Instrumental_Bronce_Metallic.uasset" 1337
"C:/Users/karla/Documents/GitHub/FreakGame_Over/Content/Props/Maquina_Instrumental/Textures/Bronce/21_Uvs_Low_Maquina_Instrumental_Bronce_Metallic.uexp" 1338
"C:/Users/karla/Documents/GitHub/FreakGame_Over/Content/Props/Maquina_Instrumental/Textures/Bronce/21_Uvs_Low_Maquina_Instrumental_Bronce_Normal.ubulk" 1339
"C:/Users/karla/Documents/GitHub/FreakGame_Over/Content/Props/Maquina_Instrumental/Textures/Bronce/21_Uvs_Low_Maquina_Instrumental_Bronce_Normal.uasset" 1340
"C:/Users/karla/Documents/GitHub/FreakGame_Over/Content/Props/Maquina_Instrumental/Textures/Bronce/21_Uvs_Low_Maquina_Instrumental_Bronce_Normal.uexp" 1341
"C:/Users/karla/Documents/GitHub/FreakGame_Over/Content/Props/Maquina_Instrumental/Textures/Bronce/21_Uvs_Low_Maquina_Instrumental_Bronce_Roughness.ubulk" 1342
"C:/Users/karla/Documents/GitHub/FreakGame_Over/Content/Props/Maquina_Instrumental/Textures/Bronce/21_Uvs_Low_Maquina_Instrumental_Bronce_Roughness.uasset" 1343
"C:/Users/karla/Documents/GitHub/FreakGame_Over/Content/Props/Maquina_Instrumental/Textures/Bronce/21_Uvs_Low_Maquina_Instrumental_Bronce_Roughness.uexp" 1344
"C:/Users/karla/Documents/GitHub/FreakGame_Over/Content/Props/Materials/Maquina_Instrumental/MM_Maquina.uasset" 1345
"C:/Users/karla/Documents/GitHub/FreakGame_Over/Content/Props/Materials/Maquina_Instrumental/MM_Maquina.uexp" 1346
"C:/Users/karla/Documents/GitHub/FreakGame_Over/Content/Props/Maquina_Instrumental/Textures/Dorado/21_Uvs_Low_Maquina_Instrumental_Dorado_BaseColor.ubulk" 1347
"C:/Users/karla/Documents/GitHub/FreakGame_Over/Content/Props/Maquina_Instrumental/Textures/Dorado/21_Uvs_Low_Maquina_Instrumental_Dorado_BaseColor.uasset" 1348
"C:/Users/karla/Documents/GitHub/FreakGame_Over/Content/Props/Maquina_Instrumental/Textures/Dorado/21_Uvs_Low_Maquina_Instrumental_Dorado_BaseColor.uexp" 1349
"C:/Users/karla/Documents/GitHub/FreakGame_Over/Content/Props/Maquina_Instrumental/Textures/Dorado/21_Uvs_Low_Maquina_Instrumental_Dorado_Height.ubulk" 1350
"C:/Users/karla/Documents/GitHub/FreakGame_Over/Content/Props/Maquina_Instrumental/Textures/Dorado/21_Uvs_Low_Maquina_Instrumental_Dorado_Height.uasset" 1351
"C:/Users/karla/Documents/GitHub/FreakGame_Over/Content/Props/Maquina_Instrumental/Textures/Dorado/21_Uvs_Low_Maquina_Instrumental_Dorado_Height.uexp" 1352
"C:/Users/karla/Documents/GitHub/FreakGame_Over/Content/Props/Maquina_Instrumental/Textures/Dorado/21_Uvs_Low_Maquina_Instrumental_Dorado_Metallic.ubulk" 1353
"C:/Users/karla/Documents/GitHub/FreakGame_Over/Content/Props/Maquina_Instrumental/Textures/Dorado/21_Uvs_Low_Maquina_Instrumental_Dorado_Metallic.uasset" 1354
"C:/Users/karla/Documents/GitHub/FreakGame_Over/Content/Props/Maquina_Instrumental/Textures/Dorado/21_Uvs_Low_Maquina_Instrumental_Dorado_Metallic.uexp" 1355
"C:/Users/karla/Documents/GitHub/FreakGame_Over/Content/Props/Maquina_Instrumental/Textures/Dorado/21_Uvs_Low_Maquina_Instrumental_Dorado_Normal.ubulk" 1356
"C:/Users/karla/Documents/GitHub/FreakGame_Over/Content/Props/Maquina_Instrumental/Textures/Dorado/21_Uvs_Low_Maquina_Instrumental_Dorado_Normal.uasset" 1357
"C:/Users/karla/Documents/GitHub/FreakGame_Over/Content/Props/Maquina_Instrumental/Textures/Dorado/21_Uvs_Low_Maquina_Instrumental_Dorado_Normal.uexp" 1358
"C:/Users/karla/Documents/GitHub/FreakGame_Over/Content/Props/Maquina_Instrumental/Textures/Dorado/21_Uvs_Low_Maquina_Instrumental_Dorado_Roughness.ubulk" 1359
"C:/Users/karla/Documents/GitHub/FreakGame_Over/Content/Props/Maquina_Instrumental/Textures/Dorado/21_Uvs_Low_Maquina_Instrumental_Dorado_Roughness.uasset" 1360
"C:/Users/karla/Documents/GitHub/FreakGame_Over/Content/Props/Maquina_Instrumental/Textures/Dorado/21_Uvs_Low_Maquina_Instrumental_Dorado_Roughness.uexp" 1361
"C:/Users/karla/Documents/GitHub/FreakGame_Over/Content/Props/Materials/Maquina_Instrumental/MI_MaquinaInstrumental_DORADO.uasset" 1362
"C:/Users/karla/Documents/GitHub/FreakGame_Over/Content/Props/Materials/Maquina_Instrumental/MI_MaquinaInstrumental_DORADO.uexp" 1363
"C:/Users/karla/Documents/GitHub/FreakGame_Over/Content/Props/Palcos/Palco_1.ubulk" 1364
"C:/Users/karla/Documents/GitHub/FreakGame_Over/Content/Props/Palcos/Palco_1.uasset" 1365
"C:/Users/karla/Documents/GitHub/FreakGame_Over/Content/Props/Palcos/Palco_1.uexp" 1366
"C:/Users/karla/Documents/GitHub/FreakGame_Over/Content/Props/Palcos/Palco_2.ubulk" 1367
"C:/Users/karla/Documents/GitHub/FreakGame_Over/Content/Props/Palcos/Palco_2.uasset" 1368
"C:/Users/karla/Documents/GitHub/FreakGame_Over/Content/Props/Palcos/Palco_2.uexp" 1369
"C:/Users/karla/Documents/GitHub/FreakGame_Over/Content/Props/Sillon/02_Sillon_Low.ubulk" 1370
"C:/Users/karla/Documents/GitHub/FreakGame_Over/Content/Props/Sillon/02_Sillon_Low.uasset" 1371
"C:/Users/karla/Documents/GitHub/FreakGame_Over/Content/Props/Sillon/02_Sillon_Low.uexp" 1372
"C:/Users/karla/Documents/GitHub/FreakGame_Over/Content/Props/Sillon/Texture/02_Sillon_Low_Material_BaseColor.ubulk" 1373
"C:/Users/karla/Documents/GitHub/FreakGame_Over/Content/Props/Sillon/Texture/02_Sillon_Low_Material_BaseColor.uasset" 1374
"C:/Users/karla/Documents/GitHub/FreakGame_Over/Content/Props/Sillon/Texture/02_Sillon_Low_Material_BaseColor.uexp" 1375
"C:/Users/karla/Documents/GitHub/FreakGame_Over/Content/Props/Sillon/Texture/02_Sillon_Low_Material_Height.ubulk" 1376
"C:/Users/karla/Documents/GitHub/FreakGame_Over/Content/Props/Sillon/Texture/02_Sillon_Low_Material_Height.uasset" 1377
"C:/Users/karla/Documents/GitHub/FreakGame_Over/Content/Props/Sillon/Texture/02_Sillon_Low_Material_Height.uexp" 1378
"C:/Users/karla/Documents/GitHub/FreakGame_Over/Content/Props/Sillon/Texture/02_Sillon_Low_Material_Metallic.ubulk" 1379
"C:/Users/karla/Documents/GitHub/FreakGame_Over/Content/Props/Sillon/Texture/02_Sillon_Low_Material_Metallic.uasset" 1380
"C:/Users/karla/Documents/GitHub/FreakGame_Over/Content/Props/Sillon/Texture/02_Sillon_Low_Material_Metallic.uexp" 1381
"C:/Users/karla/Documents/GitHub/FreakGame_Over/Content/Props/Sillon/Texture/02_Sillon_Low_Material_Normal.ubulk" 1382
"C:/Users/karla/Documents/GitHub/FreakGame_Over/Content/Props/Sillon/Texture/02_Sillon_Low_Material_Normal.uasset" 1383
"C:/Users/karla/Documents/GitHub/FreakGame_Over/Content/Props/Sillon/Texture/02_Sillon_Low_Material_Normal.uexp" 1384
"C:/Users/karla/Documents/GitHub/FreakGame_Over/Content/Props/Sillon/Texture/02_Sillon_Low_Material_Roughness.ubulk" 1385
"C:/Users/karla/Documents/GitHub/FreakGame_Over/Content/Props/Sillon/Texture/02_Sillon_Low_Material_Roughness.uasset" 1386
"C:/Users/karla/Documents/GitHub/FreakGame_Over/Content/Props/Sillon/Texture/02_Sillon_Low_Material_Roughness.uexp" 1387
"C:/Users/karla/Documents/GitHub/FreakGame_Over/Content/Props/Sillon/MI_Sillon.uasset" 1388
"C:/Users/karla/Documents/GitHub/FreakGame_Over/Content/Props/Sillon/MI_Sillon.uexp" 1389
"C:/Users/karla/Documents/GitHub/FreakGame_Over/Content/Props/Sillon_teatro/02_Sillones_graderia.ubulk" 1390
"C:/Users/karla/Documents/GitHub/FreakGame_Over/Content/Props/Sillon_teatro/02_Sillones_graderia.uasset" 1391
"C:/Users/karla/Documents/GitHub/FreakGame_Over/Content/Props/Sillon_teatro/02_Sillones_graderia.uexp" 1392
"C:/Users/karla/Documents/GitHub/FreakGame_Over/Content/Props/Stage/BackStageLeft.ubulk" 1393
"C:/Users/karla/Documents/GitHub/FreakGame_Over/Content/Props/Stage/BackStageLeft.uasset" 1394
"C:/Users/karla/Documents/GitHub/FreakGame_Over/Content/Props/Stage/BackStageLeft.uexp" 1395
"C:/Users/karla/Documents/GitHub/FreakGame_Over/Content/Props/Stage/BackStageRight.ubulk" 1396
"C:/Users/karla/Documents/GitHub/FreakGame_Over/Content/Props/Stage/BackStageRight.uasset" 1397
"C:/Users/karla/Documents/GitHub/FreakGame_Over/Content/Props/Stage/BackStageRight.uexp" 1398
"C:/Users/karla/Documents/GitHub/FreakGame_Over/Content/Props/Stage/BackWall.ubulk" 1399
"C:/Users/karla/Documents/GitHub/FreakGame_Over/Content/Props/Stage/BackWall.uasset" 1400
"C:/Users/karla/Documents/GitHub/FreakGame_Over/Content/Props/Stage/BackWall.uexp" 1401
"C:/Users/karla/Documents/GitHub/FreakGame_Over/Content/Props/Stage/Floor.ubulk" 1402
"C:/Users/karla/Documents/GitHub/FreakGame_Over/Content/Props/Stage/Floor.uasset" 1403
"C:/Users/karla/Documents/GitHub/FreakGame_Over/Content/Props/Stage/Floor.uexp" 1404
"C:/Users/karla/Documents/GitHub/FreakGame_Over/Content/Props/Stage/LeftWall.ubulk" 1405
"C:/Users/karla/Documents/GitHub/FreakGame_Over/Content/Props/Stage/LeftWall.uasset" 1406
"C:/Users/karla/Documents/GitHub/FreakGame_Over/Content/Props/Stage/LeftWall.uexp" 1407
"C:/Users/karla/Documents/GitHub/FreakGame_Over/Content/Props/Stage/RightWall.ubulk" 1408
"C:/Users/karla/Documents/GitHub/FreakGame_Over/Content/Props/Stage/RightWall.uasset" 1409
"C:/Users/karla/Documents/GitHub/FreakGame_Over/Content/Props/Stage/RightWall.uexp" 1410
"C:/Users/karla/Documents/GitHub/FreakGame_Over/Content/Props/Stage/Roof.ubulk" 1411
"C:/Users/karla/Documents/GitHub/FreakGame_Over/Content/Props/Stage/Roof.uasset" 1412
"C:/Users/karla/Documents/GitHub/FreakGame_Over/Content/Props/Stage/Roof.uexp" 1413
"C:/Users/karla/Documents/GitHub/FreakGame_Over/Content/Props/Stage/ScenaryLeft.ubulk" 1414
"C:/Users/karla/Documents/GitHub/FreakGame_Over/Content/Props/Stage/ScenaryLeft.uasset" 1415
"C:/Users/karla/Documents/GitHub/FreakGame_Over/Content/Props/Stage/ScenaryLeft.uexp" 1416
"C:/Users/karla/Documents/GitHub/FreakGame_Over/Content/Props/Stage/ScenaryRight.ubulk" 1417
"C:/Users/karla/Documents/GitHub/FreakGame_Over/Content/Props/Stage/ScenaryRight.uasset" 1418
"C:/Users/karla/Documents/GitHub/FreakGame_Over/Content/Props/Stage/ScenaryRight.uexp" 1419
"C:/Users/karla/Documents/GitHub/FreakGame_Over/Content/Props/Stage/TopStage.ubulk" 1420
"C:/Users/karla/Documents/GitHub/FreakGame_Over/Content/Props/Stage/TopStage.uasset" 1421
"C:/Users/karla/Documents/GitHub/FreakGame_Over/Content/Props/Stage/TopStage.uexp" 1422
"C:/Users/karla/Documents/GitHub/FreakGame_Over/Content/Props/Tuberias/Tuberias.ubulk" 1423
"C:/Users/karla/Documents/GitHub/FreakGame_Over/Content/Props/Tuberias/Tuberias.uasset" 1424
"C:/Users/karla/Documents/GitHub/FreakGame_Over/Content/Props/Tuberias/Tuberias.uexp" 1425
"C:/Users/karla/Documents/GitHub/FreakGame_Over/Content/Props/Efectos/Smoke/smokeTex.ubulk" 1426
"C:/Users/karla/Documents/GitHub/FreakGame_Over/Content/Props/Efectos/Smoke/smokeTex.uasset" 1427
"C:/Users/karla/Documents/GitHub/FreakGame_Over/Content/Props/Efectos/Smoke/smokeTex.uexp" 1428
"C:/Users/karla/Documents/GitHub/FreakGame_Over/Content/Props/Efectos/Smoke/SmokeShape.uasset" 1429
"C:/Users/karla/Documents/GitHub/FreakGame_Over/Content/Props/Efectos/Smoke/SmokeShape.uexp" 1430
"C:/Users/karla/Documents/GitHub/FreakGame_Over/Content/Props/Efectos/Smoke/NS_Smoke.uasset" 1431
"C:/Users/karla/Documents/GitHub/FreakGame_Over/Content/Props/Efectos/Smoke/NS_Smoke.uexp" 1432
"C:/Users/karla/Documents/GitHub/FreakGame_Over/Content/Props/Efectos/Smoke/smokeTex1_2.ubulk" 1433
"C:/Users/karla/Documents/GitHub/FreakGame_Over/Content/Props/Efectos/Smoke/smokeTex1_2.uasset" 1434
"C:/Users/karla/Documents/GitHub/FreakGame_Over/Content/Props/Efectos/Smoke/smokeTex1_2.uexp" 1435
"C:/Users/karla/Documents/GitHub/FreakGame_Over/Content/Props/Efectos/Smoke/SmokeShape_21.uasset" 1436
"C:/Users/karla/Documents/GitHub/FreakGame_Over/Content/Props/Efectos/Smoke/SmokeShape_21.uexp" 1437
"C:/Users/karla/Documents/GitHub/FreakGame_Over/Content/Props/Efectos/Smoke/NS_Smoke2.uasset" 1438
"C:/Users/karla/Documents/GitHub/FreakGame_Over/Content/Props/Efectos/Smoke/NS_Smoke2.uexp" 1439
"C:/Users/karla/Documents/GitHub/FreakGame_Over/Content/Props/Efectos/Smoke/NS_Smoke3.uasset" 1440
"C:/Users/karla/Documents/GitHub/FreakGame_Over/Content/Props/Efectos/Smoke/NS_Smoke3.uexp" 1441
"C:/Users/karla/Documents/GitHub/FreakGame_Over/Content/Props/Lampara_Central/Lampara_central/01_Lampara_Central_Material_BaseColor.ubulk" 1442
"C:/Users/karla/Documents/GitHub/FreakGame_Over/Content/Props/Lampara_Central/Lampara_central/01_Lampara_Central_Material_BaseColor.uasset" 1443
"C:/Users/karla/Documents/GitHub/FreakGame_Over/Content/Props/Lampara_Central/Lampara_central/01_Lampara_Central_Material_BaseColor.uexp" 1444
"C:/Users/karla/Documents/GitHub/FreakGame_Over/Content/Props/Lampara_Central/Lampara_central/01_Lampara_Central_Material_Emissive.ubulk" 1445
"C:/Users/karla/Documents/GitHub/FreakGame_Over/Content/Props/Lampara_Central/Lampara_central/01_Lampara_Central_Material_Emissive.uasset" 1446
"C:/Users/karla/Documents/GitHub/FreakGame_Over/Content/Props/Lampara_Central/Lampara_central/01_Lampara_Central_Material_Emissive.uexp" 1447
"C:/Users/karla/Documents/GitHub/FreakGame_Over/Content/Props/Lampara_Central/Lampara_central/01_Lampara_Central_Material_Height.ubulk" 1448
"C:/Users/karla/Documents/GitHub/FreakGame_Over/Content/Props/Lampara_Central/Lampara_central/01_Lampara_Central_Material_Height.uasset" 1449
"C:/Users/karla/Documents/GitHub/FreakGame_Over/Content/Props/Lampara_Central/Lampara_central/01_Lampara_Central_Material_Height.uexp" 1450
"C:/Users/karla/Documents/GitHub/FreakGame_Over/Content/Props/Lampara_Central/Lampara_central/01_Lampara_Central_Material_Metallic.ubulk" 1451
"C:/Users/karla/Documents/GitHub/FreakGame_Over/Content/Props/Lampara_Central/Lampara_central/01_Lampara_Central_Material_Metallic.uasset" 1452
"C:/Users/karla/Documents/GitHub/FreakGame_Over/Content/Props/Lampara_Central/Lampara_central/01_Lampara_Central_Material_Metallic.uexp" 1453
"C:/Users/karla/Documents/GitHub/FreakGame_Over/Content/Props/Lampara_Central/Lampara_central/01_Lampara_Central_Material_Normal.ubulk" 1454
"C:/Users/karla/Documents/GitHub/FreakGame_Over/Content/Props/Lampara_Central/Lampara_central/01_Lampara_Central_Material_Normal.uasset" 1455
"C:/Users/karla/Documents/GitHub/FreakGame_Over/Content/Props/Lampara_Central/Lampara_central/01_Lampara_Central_Material_Normal.uexp" 1456
"C:/Users/karla/Documents/GitHub/FreakGame_Over/Content/Props/Lampara_Central/Lampara_central/01_Lampara_Central_Material_Roughness.ubulk" 1457
"C:/Users/karla/Documents/GitHub/FreakGame_Over/Content/Props/Lampara_Central/Lampara_central/01_Lampara_Central_Material_Roughness.uasset" 1458
"C:/Users/karla/Documents/GitHub/FreakGame_Over/Content/Props/Lampara_Central/Lampara_central/01_Lampara_Central_Material_Roughness.uexp" 1459
"C:/Users/karla/Documents/GitHub/FreakGame_Over/Content/Props/Materials/Lamparas/MM_Lamparas.uasset" 1460
"C:/Users/karla/Documents/GitHub/FreakGame_Over/Content/Props/Materials/Lamparas/MM_Lamparas.uexp" 1461
"C:/Users/karla/Documents/GitHub/FreakGame_Over/Content/Props/Materials/Lamparas/MI_Lampara_Central.uasset" 1462
"C:/Users/karla/Documents/GitHub/FreakGame_Over/Content/Props/Materials/Lamparas/MI_Lampara_Central.uexp" 1463
"C:/Users/karla/Documents/GitHub/FreakGame_Over/Content/Props/Lampara_Central/Lampara_Lateral/01_Lampara_Lateral_Material_BaseColor.ubulk" 1464
"C:/Users/karla/Documents/GitHub/FreakGame_Over/Content/Props/Lampara_Central/Lampara_Lateral/01_Lampara_Lateral_Material_BaseColor.uasset" 1465
"C:/Users/karla/Documents/GitHub/FreakGame_Over/Content/Props/Lampara_Central/Lampara_Lateral/01_Lampara_Lateral_Material_BaseColor.uexp" 1466
"C:/Users/karla/Documents/GitHub/FreakGame_Over/Content/Props/Lampara_Central/Lampara_Lateral/01_Lampara_Lateral_Material_Emissive.ubulk" 1467
"C:/Users/karla/Documents/GitHub/FreakGame_Over/Content/Props/Lampara_Central/Lampara_Lateral/01_Lampara_Lateral_Material_Emissive.uasset" 1468
"C:/Users/karla/Documents/GitHub/FreakGame_Over/Content/Props/Lampara_Central/Lampara_Lateral/01_Lampara_Lateral_Material_Emissive.uexp" 1469
"C:/Users/karla/Documents/GitHub/FreakGame_Over/Content/Props/Lampara_Central/Lampara_Lateral/01_Lampara_Lateral_Material_Height.ubulk" 1470
"C:/Users/karla/Documents/GitHub/FreakGame_Over/Content/Props/Lampara_Central/Lampara_Lateral/01_Lampara_Lateral_Material_Height.uasset" 1471
"C:/Users/karla/Documents/GitHub/FreakGame_Over/Content/Props/Lampara_Central/Lampara_Lateral/01_Lampara_Lateral_Material_Height.uexp" 1472
"C:/Users/karla/Documents/GitHub/FreakGame_Over/Content/Props/Lampara_Central/Lampara_Lateral/01_Lampara_Lateral_Material_Metallic.ubulk" 1473
"C:/Users/karla/Documents/GitHub/FreakGame_Over/Content/Props/Lampara_Central/Lampara_Lateral/01_Lampara_Lateral_Material_Metallic.uasset" 1474
"C:/Users/karla/Documents/GitHub/FreakGame_Over/Content/Props/Lampara_Central/Lampara_Lateral/01_Lampara_Lateral_Material_Metallic.uexp" 1475
"C:/Users/karla/Documents/GitHub/FreakGame_Over/Content/Props/Lampara_Central/Lampara_Lateral/01_Lampara_Lateral_Material_Normal.ubulk" 1476
"C:/Users/karla/Documents/GitHub/FreakGame_Over/Content/Props/Lampara_Central/Lampara_Lateral/01_Lampara_Lateral_Material_Normal.uasset" 1477
"C:/Users/karla/Documents/GitHub/FreakGame_Over/Content/Props/Lampara_Central/Lampara_Lateral/01_Lampara_Lateral_Material_Normal.uexp" 1478
"C:/Users/karla/Documents/GitHub/FreakGame_Over/Content/Props/Lampara_Central/Lampara_Lateral/01_Lampara_Lateral_Material_Roughness.ubulk" 1479
"C:/Users/karla/Documents/GitHub/FreakGame_Over/Content/Props/Lampara_Central/Lampara_Lateral/01_Lampara_Lateral_Material_Roughness.uasset" 1480
"C:/Users/karla/Documents/GitHub/FreakGame_Over/Content/Props/Lampara_Central/Lampara_Lateral/01_Lampara_Lateral_Material_Roughness.uexp" 1481
"C:/Users/karla/Documents/GitHub/FreakGame_Over/Content/Props/Materials/Lamparas/MI_Lateral.uasset" 1482
"C:/Users/karla/Documents/GitHub/FreakGame_Over/Content/Props/Materials/Lamparas/MI_Lateral.uexp" 1483
"C:/Users/karla/Documents/GitHub/FreakGame_Over/Content/Props/Lampara_Central/reflectores_textures/02_Reflectores_Material_BaseColor.ubulk" 1484
"C:/Users/karla/Documents/GitHub/FreakGame_Over/Content/Props/Lampara_Central/reflectores_textures/02_Reflectores_Material_BaseColor.uasset" 1485
"C:/Users/karla/Documents/GitHub/FreakGame_Over/Content/Props/Lampara_Central/reflectores_textures/02_Reflectores_Material_BaseColor.uexp" 1486
"C:/Users/karla/Documents/GitHub/FreakGame_Over/Content/Props/Lampara_Central/reflectores_textures/02_Reflectores_Material_Emissive.ubulk" 1487
"C:/Users/karla/Documents/GitHub/FreakGame_Over/Content/Props/Lampara_Central/reflectores_textures/02_Reflectores_Material_Emissive.uasset" 1488
"C:/Users/karla/Documents/GitHub/FreakGame_Over/Content/Props/Lampara_Central/reflectores_textures/02_Reflectores_Material_Emissive.uexp" 1489
"C:/Users/karla/Documents/GitHub/FreakGame_Over/Content/Props/Lampara_Central/reflectores_textures/02_Reflectores_Material_Height.ubulk" 1490
"C:/Users/karla/Documents/GitHub/FreakGame_Over/Content/Props/Lampara_Central/reflectores_textures/02_Reflectores_Material_Height.uasset" 1491
"C:/Users/karla/Documents/GitHub/FreakGame_Over/Content/Props/Lampara_Central/reflectores_textures/02_Reflectores_Material_Height.uexp" 1492
"C:/Users/karla/Documents/GitHub/FreakGame_Over/Content/Props/Lampara_Central/reflectores_textures/02_Reflectores_Material_Metallic.ubulk" 1493
"C:/Users/karla/Documents/GitHub/FreakGame_Over/Content/Props/Lampara_Central/reflectores_textures/02_Reflectores_Material_Metallic.uasset" 1494
"C:/Users/karla/Documents/GitHub/FreakGame_Over/Content/Props/Lampara_Central/reflectores_textures/02_Reflectores_Material_Metallic.uexp" 1495
"C:/Users/karla/Documents/GitHub/FreakGame_Over/Content/Props/Lampara_Central/reflectores_textures/02_Reflectores_Material_Normal.ubulk" 1496
"C:/Users/karla/Documents/GitHub/FreakGame_Over/Content/Props/Lampara_Central/reflectores_textures/02_Reflectores_Material_Normal.uasset" 1497
"C:/Users/karla/Documents/GitHub/FreakGame_Over/Content/Props/Lampara_Central/reflectores_textures/02_Reflectores_Material_Normal.uexp" 1498
"C:/Users/karla/Documents/GitHub/FreakGame_Over/Content/Props/Lampara_Central/reflectores_textures/02_Reflectores_Material_Roughness.ubulk" 1499
"C:/Users/karla/Documents/GitHub/FreakGame_Over/Content/Props/Lampara_Central/reflectores_textures/02_Reflectores_Material_Roughness.uasset" 1500
"C:/Users/karla/Documents/GitHub/FreakGame_Over/Content/Props/Lampara_Central/reflectores_textures/02_Reflectores_Material_Roughness.uexp" 1501
"C:/Users/karla/Documents/GitHub/FreakGame_Over/Content/Props/Materials/Lamparas/MI_Reflectores.uasset" 1502
"C:/Users/karla/Documents/GitHub/FreakGame_Over/Content/Props/Materials/Lamparas/MI_Reflectores.uexp" 1503
"C:/Users/karla/Documents/GitHub/FreakGame_Over/Content/Props/Maquina_Instrumental/Textures/Madera/21_Uvs_Low_Maquina_Instrumental_Madera_BaseColor.ubulk" 1504
"C:/Users/karla/Documents/GitHub/FreakGame_Over/Content/Props/Maquina_Instrumental/Textures/Madera/21_Uvs_Low_Maquina_Instrumental_Madera_BaseColor.uasset" 1505
"C:/Users/karla/Documents/GitHub/FreakGame_Over/Content/Props/Maquina_Instrumental/Textures/Madera/21_Uvs_Low_Maquina_Instrumental_Madera_BaseColor.uexp" 1506
"C:/Users/karla/Documents/GitHub/FreakGame_Over/Content/Props/Maquina_Instrumental/Textures/Madera/21_Uvs_Low_Maquina_Instrumental_Madera_Height.ubulk" 1507
"C:/Users/karla/Documents/GitHub/FreakGame_Over/Content/Props/Maquina_Instrumental/Textures/Madera/21_Uvs_Low_Maquina_Instrumental_Madera_Height.uasset" 1508
"C:/Users/karla/Documents/GitHub/FreakGame_Over/Content/Props/Maquina_Instrumental/Textures/Madera/21_Uvs_Low_Maquina_Instrumental_Madera_Height.uexp" 1509
"C:/Users/karla/Documents/GitHub/FreakGame_Over/Content/Props/Maquina_Instrumental/Textures/Madera/21_Uvs_Low_Maquina_Instrumental_Madera_Metallic.ubulk" 1510
"C:/Users/karla/Documents/GitHub/FreakGame_Over/Content/Props/Maquina_Instrumental/Textures/Madera/21_Uvs_Low_Maquina_Instrumental_Madera_Metallic.uasset" 1511
"C:/Users/karla/Documents/GitHub/FreakGame_Over/Content/Props/Maquina_Instrumental/Textures/Madera/21_Uvs_Low_Maquina_Instrumental_Madera_Metallic.uexp" 1512
"C:/Users/karla/Documents/GitHub/FreakGame_Over/Content/Props/Maquina_Instrumental/Textures/Madera/21_Uvs_Low_Maquina_Instrumental_Madera_Normal.ubulk" 1513
"C:/Users/karla/Documents/GitHub/FreakGame_Over/Content/Props/Maquina_Instrumental/Textures/Madera/21_Uvs_Low_Maquina_Instrumental_Madera_Normal.uasset" 1514
"C:/Users/karla/Documents/GitHub/FreakGame_Over/Content/Props/Maquina_Instrumental/Textures/Madera/21_Uvs_Low_Maquina_Instrumental_Madera_Normal.uexp" 1515
"C:/Users/karla/Documents/GitHub/FreakGame_Over/Content/Props/Maquina_Instrumental/Textures/Madera/21_Uvs_Low_Maquina_Instrumental_Madera_Roughness.ubulk" 1516
"C:/Users/karla/Documents/GitHub/FreakGame_Over/Content/Props/Maquina_Instrumental/Textures/Madera/21_Uvs_Low_Maquina_Instrumental_Madera_Roughness.uasset" 1517
"C:/Users/karla/Documents/GitHub/FreakGame_Over/Content/Props/Maquina_Instrumental/Textures/Madera/21_Uvs_Low_Maquina_Instrumental_Madera_Roughness.uexp" 1518
"C:/Users/karla/Documents/GitHub/FreakGame_Over/Content/Props/Materials/Maquina_Instrumental/MI_MaquinaInstrumental_Madera.uasset" 1519
"C:/Users/karla/Documents/GitHub/FreakGame_Over/Content/Props/Materials/Maquina_Instrumental/MI_MaquinaInstrumental_Madera.uexp" 1520
"C:/Users/karla/Documents/GitHub/FreakGame_Over/Content/Props/Maquina_Instrumental/Textures/Sintetico/21_Uvs_Low_Maquina_Instrumental_Sintetico_BaseColor.ubulk" 1521
"C:/Users/karla/Documents/GitHub/FreakGame_Over/Content/Props/Maquina_Instrumental/Textures/Sintetico/21_Uvs_Low_Maquina_Instrumental_Sintetico_BaseColor.uasset" 1522
"C:/Users/karla/Documents/GitHub/FreakGame_Over/Content/Props/Maquina_Instrumental/Textures/Sintetico/21_Uvs_Low_Maquina_Instrumental_Sintetico_BaseColor.uexp" 1523
"C:/Users/karla/Documents/GitHub/FreakGame_Over/Content/Props/Maquina_Instrumental/Textures/Sintetico/21_Uvs_Low_Maquina_Instrumental_Sintetico_Height.ubulk" 1524
"C:/Users/karla/Documents/GitHub/FreakGame_Over/Content/Props/Maquina_Instrumental/Textures/Sintetico/21_Uvs_Low_Maquina_Instrumental_Sintetico_Height.uasset" 1525
"C:/Users/karla/Documents/GitHub/FreakGame_Over/Content/Props/Maquina_Instrumental/Textures/Sintetico/21_Uvs_Low_Maquina_Instrumental_Sintetico_Height.uexp" 1526
"C:/Users/karla/Documents/GitHub/FreakGame_Over/Content/Props/Maquina_Instrumental/Textures/Sintetico/21_Uvs_Low_Maquina_Instrumental_Sintetico_Metallic.ubulk" 1527
"C:/Users/karla/Documents/GitHub/FreakGame_Over/Content/Props/Maquina_Instrumental/Textures/Sintetico/21_Uvs_Low_Maquina_Instrumental_Sintetico_Metallic.uasset" 1528
"C:/Users/karla/Documents/GitHub/FreakGame_Over/Content/Props/Maquina_Instrumental/Textures/Sintetico/21_Uvs_Low_Maquina_Instrumental_Sintetico_Metallic.uexp" 1529
"C:/Users/karla/Documents/GitHub/FreakGame_Over/Content/Props/Maquina_Instrumental/Textures/Sintetico/21_Uvs_Low_Maquina_Instrumental_Sintetico_Normal.ubulk" 1530
"C:/Users/karla/Documents/GitHub/FreakGame_Over/Content/Props/Maquina_Instrumental/Textures/Sintetico/21_Uvs_Low_Maquina_Instrumental_Sintetico_Normal.uasset" 1531
"C:/Users/karla/Documents/GitHub/FreakGame_Over/Content/Props/Maquina_Instrumental/Textures/Sintetico/21_Uvs_Low_Maquina_Instrumental_Sintetico_Normal.uexp" 1532
"C:/Users/karla/Documents/GitHub/FreakGame_Over/Content/Props/Maquina_Instrumental/Textures/Sintetico/21_Uvs_Low_Maquina_Instrumental_Sintetico_Roughness.ubulk" 1533
"C:/Users/karla/Documents/GitHub/FreakGame_Over/Content/Props/Maquina_Instrumental/Textures/Sintetico/21_Uvs_Low_Maquina_Instrumental_Sintetico_Roughness.uasset" 1534
"C:/Users/karla/Documents/GitHub/FreakGame_Over/Content/Props/Maquina_Instrumental/Textures/Sintetico/21_Uvs_Low_Maquina_Instrumental_Sintetico_Roughness.uexp" 1535
"C:/Users/karla/Documents/GitHub/FreakGame_Over/Content/Props/Materials/Maquina_Instrumental/MI_MaquinaInstrumental_Sintetico.uasset" 1536
"C:/Users/karla/Documents/GitHub/FreakGame_Over/Content/Props/Materials/Maquina_Instrumental/MI_MaquinaInstrumental_Sintetico.uexp" 1537
"C:/Users/karla/Documents/GitHub/FreakGame_Over/Content/Props/Mascara_fondo/Texturas/lp_mascaras_Mascara_triste_BaseColor.ubulk" 1538
"C:/Users/karla/Documents/GitHub/FreakGame_Over/Content/Props/Mascara_fondo/Texturas/lp_mascaras_Mascara_triste_BaseColor.uasset" 1539
"C:/Users/karla/Documents/GitHub/FreakGame_Over/Content/Props/Mascara_fondo/Texturas/lp_mascaras_Mascara_triste_BaseColor.uexp" 1540
"C:/Users/karla/Documents/GitHub/FreakGame_Over/Content/Props/Mascara_fondo/Texturas/lp_mascaras_Mascara_triste_Normal.ubulk" 1541
"C:/Users/karla/Documents/GitHub/FreakGame_Over/Content/Props/Mascara_fondo/Texturas/lp_mascaras_Mascara_triste_Normal.uasset" 1542
"C:/Users/karla/Documents/GitHub/FreakGame_Over/Content/Props/Mascara_fondo/Texturas/lp_mascaras_Mascara_triste_Normal.uexp" 1543
"C:/Users/karla/Documents/GitHub/FreakGame_Over/Content/Props/Mascara_fondo/Texturas/lp_mascaras_Mascara_triste_Roughness.ubulk" 1544
"C:/Users/karla/Documents/GitHub/FreakGame_Over/Content/Props/Mascara_fondo/Texturas/lp_mascaras_Mascara_triste_Roughness.uasset" 1545
"C:/Users/karla/Documents/GitHub/FreakGame_Over/Content/Props/Mascara_fondo/Texturas/lp_mascaras_Mascara_triste_Roughness.uexp" 1546
"C:/Users/karla/Documents/GitHub/FreakGame_Over/Content/Props/Mascara_fondo/Texturas/lp_mascaras_mascara_feliz_BaseColor.ubulk" 1547
"C:/Users/karla/Documents/GitHub/FreakGame_Over/Content/Props/Mascara_fondo/Texturas/lp_mascaras_mascara_feliz_BaseColor.uasset" 1548
"C:/Users/karla/Documents/GitHub/FreakGame_Over/Content/Props/Mascara_fondo/Texturas/lp_mascaras_mascara_feliz_BaseColor.uexp" 1549
"C:/Users/karla/Documents/GitHub/FreakGame_Over/Content/Props/Mascara_fondo/Texturas/lp_mascaras_mascara_feliz_Normal.ubulk" 1550
"C:/Users/karla/Documents/GitHub/FreakGame_Over/Content/Props/Mascara_fondo/Texturas/lp_mascaras_mascara_feliz_Normal.uasset" 1551
"C:/Users/karla/Documents/GitHub/FreakGame_Over/Content/Props/Mascara_fondo/Texturas/lp_mascaras_mascara_feliz_Normal.uexp" 1552
"C:/Users/karla/Documents/GitHub/FreakGame_Over/Content/Props/Mascara_fondo/Texturas/lp_mascaras_mascara_feliz_Roughness.ubulk" 1553
"C:/Users/karla/Documents/GitHub/FreakGame_Over/Content/Props/Mascara_fondo/Texturas/lp_mascaras_mascara_feliz_Roughness.uasset" 1554
"C:/Users/karla/Documents/GitHub/FreakGame_Over/Content/Props/Mascara_fondo/Texturas/lp_mascaras_mascara_feliz_Roughness.uexp" 1555
"C:/Users/karla/Documents/GitHub/FreakGame_Over/Content/Props/Materials/Mascaras/MM_Mascaras.uasset" 1556
"C:/Users/karla/Documents/GitHub/FreakGame_Over/Content/Props/Materials/Mascaras/MM_Mascaras.uexp" 1557
"C:/Users/karla/Documents/GitHub/FreakGame_Over/Content/Props/Materials/Mascaras/MI_Mascara2.uasset" 1558
"C:/Users/karla/Documents/GitHub/FreakGame_Over/Content/Props/Materials/Mascaras/MI_Mascara2.uexp" 1559
"C:/Users/karla/Documents/GitHub/FreakGame_Over/Content/Props/Palcos/Textures/Palcos_Base_color.ubulk" 1560
"C:/Users/karla/Documents/GitHub/FreakGame_Over/Content/Props/Palcos/Textures/Palcos_Base_color.uasset" 1561
"C:/Users/karla/Documents/GitHub/FreakGame_Over/Content/Props/Palcos/Textures/Palcos_Base_color.uexp" 1562
"C:/Users/karla/Documents/GitHub/FreakGame_Over/Content/Props/Palcos/Textures/Palcos_Normal_DirectX.ubulk" 1563
"C:/Users/karla/Documents/GitHub/FreakGame_Over/Content/Props/Palcos/Textures/Palcos_Normal_DirectX.uasset" 1564
"C:/Users/karla/Documents/GitHub/FreakGame_Over/Content/Props/Palcos/Textures/Palcos_Normal_DirectX.uexp" 1565
"C:/Users/karla/Documents/GitHub/FreakGame_Over/Content/Props/Palcos/Textures/Palcos_Roughness.ubulk" 1566
"C:/Users/karla/Documents/GitHub/FreakGame_Over/Content/Props/Palcos/Textures/Palcos_Roughness.uasset" 1567
"C:/Users/karla/Documents/GitHub/FreakGame_Over/Content/Props/Palcos/Textures/Palcos_Roughness.uexp" 1568
"C:/Users/karla/Documents/GitHub/FreakGame_Over/Content/Props/Materials/Palcos/MI_Palcos.uasset" 1569
"C:/Users/karla/Documents/GitHub/FreakGame_Over/Content/Props/Materials/Palcos/MI_Palcos.uexp" 1570
"C:/Users/karla/Documents/GitHub/FreakGame_Over/Content/Props/Sillon_teatro/Textures/02_Sillones_graderia_Material_BaseColor.ubulk" 1571
"C:/Users/karla/Documents/GitHub/FreakGame_Over/Content/Props/Sillon_teatro/Textures/02_Sillones_graderia_Material_BaseColor.uasset" 1572
"C:/Users/karla/Documents/GitHub/FreakGame_Over/Content/Props/Sillon_teatro/Textures/02_Sillones_graderia_Material_BaseColor.uexp" 1573
"C:/Users/karla/Documents/GitHub/FreakGame_Over/Content/Props/Sillon_teatro/Textures/02_Sillones_graderia_Material_Metallic.ubulk" 1574
"C:/Users/karla/Documents/GitHub/FreakGame_Over/Content/Props/Sillon_teatro/Textures/02_Sillones_graderia_Material_Metallic.uasset" 1575
"C:/Users/karla/Documents/GitHub/FreakGame_Over/Content/Props/Sillon_teatro/Textures/02_Sillones_graderia_Material_Metallic.uexp" 1576
"C:/Users/karla/Documents/GitHub/FreakGame_Over/Content/Props/Sillon_teatro/Textures/02_Sillones_graderia_Material_Normal.ubulk" 1577
"C:/Users/karla/Documents/GitHub/FreakGame_Over/Content/Props/Sillon_teatro/Textures/02_Sillones_graderia_Material_Normal.uasset" 1578
"C:/Users/karla/Documents/GitHub/FreakGame_Over/Content/Props/Sillon_teatro/Textures/02_Sillones_graderia_Material_Normal.uexp" 1579
"C:/Users/karla/Documents/GitHub/FreakGame_Over/Content/Props/Sillon_teatro/Textures/02_Sillones_graderia_Material_Roughness.ubulk" 1580
"C:/Users/karla/Documents/GitHub/FreakGame_Over/Content/Props/Sillon_teatro/Textures/02_Sillones_graderia_Material_Roughness.uasset" 1581
"C:/Users/karla/Documents/GitHub/FreakGame_Over/Content/Props/Sillon_teatro/Textures/02_Sillones_graderia_Material_Roughness.uexp" 1582
"C:/Users/karla/Documents/GitHub/FreakGame_Over/Content/Props/Materials/Sillones/MM_Sillones.uasset" 1583
"C:/Users/karla/Documents/GitHub/FreakGame_Over/Content/Props/Materials/Sillones/MM_Sillones.uexp" 1584
"C:/Users/karla/Documents/GitHub/FreakGame_Over/Content/Props/Stage/Textures/DefaultMaterial_Base_color.ubulk" 1585
"C:/Users/karla/Documents/GitHub/FreakGame_Over/Content/Props/Stage/Textures/DefaultMaterial_Base_color.uasset" 1586
"C:/Users/karla/Documents/GitHub/FreakGame_Over/Content/Props/Stage/Textures/DefaultMaterial_Base_color.uexp" 1587
"C:/Users/karla/Documents/GitHub/FreakGame_Over/Content/Props/Stage/Textures/DefaultMaterial_Mixed_AO.ubulk" 1588
"C:/Users/karla/Documents/GitHub/FreakGame_Over/Content/Props/Stage/Textures/DefaultMaterial_Mixed_AO.uasset" 1589
"C:/Users/karla/Documents/GitHub/FreakGame_Over/Content/Props/Stage/Textures/DefaultMaterial_Mixed_AO.uexp" 1590
"C:/Users/karla/Documents/GitHub/FreakGame_Over/Content/Props/Stage/Textures/DefaultMaterial_Normal_DirectX.ubulk" 1591
"C:/Users/karla/Documents/GitHub/FreakGame_Over/Content/Props/Stage/Textures/DefaultMaterial_Normal_DirectX.uasset" 1592
"C:/Users/karla/Documents/GitHub/FreakGame_Over/Content/Props/Stage/Textures/DefaultMaterial_Normal_DirectX.uexp" 1593
"C:/Users/karla/Documents/GitHub/FreakGame_Over/Content/Props/Stage/Textures/DefaultMaterial_Roughness.ubulk" 1594
"C:/Users/karla/Documents/GitHub/FreakGame_Over/Content/Props/Stage/Textures/DefaultMaterial_Roughness.uasset" 1595
"C:/Users/karla/Documents/GitHub/FreakGame_Over/Content/Props/Stage/Textures/DefaultMaterial_Roughness.uexp" 1596
"C:/Users/karla/Documents/GitHub/FreakGame_Over/Content/Props/Materials/Stage/MM_Stage.uasset" 1597
"C:/Users/karla/Documents/GitHub/FreakGame_Over/Content/Props/Materials/Stage/MM_Stage.uexp" 1598
"C:/Users/karla/Documents/GitHub/FreakGame_Over/Content/Props/Tuberias/Tuberias_Textures/Tuberias_Tuberias_BaseColor.ubulk" 1599
"C:/Users/karla/Documents/GitHub/FreakGame_Over/Content/Props/Tuberias/Tuberias_Textures/Tuberias_Tuberias_BaseColor.uasset" 1600
"C:/Users/karla/Documents/GitHub/FreakGame_Over/Content/Props/Tuberias/Tuberias_Textures/Tuberias_Tuberias_BaseColor.uexp" 1601
"C:/Users/karla/Documents/GitHub/FreakGame_Over/Content/Props/Tuberias/Tuberias_Textures/Tuberias_Tuberias_Metallic.ubulk" 1602
"C:/Users/karla/Documents/GitHub/FreakGame_Over/Content/Props/Tuberias/Tuberias_Textures/Tuberias_Tuberias_Metallic.uasset" 1603
"C:/Users/karla/Documents/GitHub/FreakGame_Over/Content/Props/Tuberias/Tuberias_Textures/Tuberias_Tuberias_Metallic.uexp" 1604
"C:/Users/karla/Documents/GitHub/FreakGame_Over/Content/Props/Tuberias/Tuberias_Textures/Tuberias_Tuberias_Normal.ubulk" 1605
"C:/Users/karla/Documents/GitHub/FreakGame_Over/Content/Props/Tuberias/Tuberias_Textures/Tuberias_Tuberias_Normal.uasset" 1606
"C:/Users/karla/Documents/GitHub/FreakGame_Over/Content/Props/Tuberias/Tuberias_Textures/Tuberias_Tuberias_Normal.uexp" 1607
"C:/Users/karla/Documents/GitHub/FreakGame_Over/Content/Props/Tuberias/Tuberias_Textures/Tuberias_Tuberias_Roughness.ubulk" 1608
"C:/Users/karla/Documents/GitHub/FreakGame_Over/Content/Props/Tuberias/Tuberias_Textures/Tuberias_Tuberias_Roughness.uasset" 1609
"C:/Users/karla/Documents/GitHub/FreakGame_Over/Content/Props/Tuberias/Tuberias_Textures/Tuberias_Tuberias_Roughness.uexp" 1610
"C:/Users/karla/Documents/GitHub/FreakGame_Over/Content/Props/Materials/Tuberias/MI_Tuberias.uasset" 1611
"C:/Users/karla/Documents/GitHub/FreakGame_Over/Content/Props/Materials/Tuberias/MI_Tuberias.uexp" 1612
"../../../Engine/Content/EngineVolumetrics/LightBeam/Materials/T_EV_DustPanner_01.ubulk" 1613
"../../../Engine/Content/EngineVolumetrics/LightBeam/Materials/T_EV_DustPanner_01.uasset" 1614
"../../../Engine/Content/EngineVolumetrics/LightBeam/Materials/T_EV_DustPanner_01.uexp" 1615
"../../../Engine/Content/EngineVolumetrics/LightBeam/Materials/T_EV_LightBeam_Falloff_01.ubulk" 1616
"../../../Engine/Content/EngineVolumetrics/LightBeam/Materials/T_EV_LightBeam_Falloff_01.uasset" 1617
"../../../Engine/Content/EngineVolumetrics/LightBeam/Materials/T_EV_LightBeam_Falloff_01.uexp" 1618
"../../../Engine/Content/EngineVolumetrics/LightBeam/Materials/T_EV_LightBeam_Falloff_02.uasset" 1619
"../../../Engine/Content/EngineVolumetrics/LightBeam/Materials/T_EV_LightBeam_Falloff_02.uexp" 1620
"../../../Engine/Content/EngineVolumetrics/LightBeam/Materials/M_EV_Lightbeam_Master_01.uasset" 1621
"../../../Engine/Content/EngineVolumetrics/LightBeam/Materials/M_EV_Lightbeam_Master_01.uexp" 1622
"C:/Users/karla/Documents/GitHub/FreakGame_Over/Content/Props/Materials/Volumes/M_EV_Lightbeam_Master_01_Inst.uasset" 1623
"C:/Users/karla/Documents/GitHub/FreakGame_Over/Content/Props/Materials/Volumes/M_EV_Lightbeam_Master_01_Inst.uexp" 1624
"C:/Users/karla/Documents/GitHub/FreakGame_Over/Content/Props/Materials/Volumes/M_EV_Lightbeam_Master_1sided_01.uasset" 1625
"C:/Users/karla/Documents/GitHub/FreakGame_Over/Content/Props/Materials/Volumes/M_EV_Lightbeam_Master_1sided_01.uexp" 1626
"C:/Users/karla/Documents/GitHub/FreakGame_Over/Content/Props/Materials/Volumes/S_EV_SimpleLightBeam_02.ubulk" 1627
"C:/Users/karla/Documents/GitHub/FreakGame_Over/Content/Props/Materials/Volumes/S_EV_SimpleLightBeam_02.uasset" 1628
"C:/Users/karla/Documents/GitHub/FreakGame_Over/Content/Props/Materials/Volumes/S_EV_SimpleLightBeam_02.uexp" 1629
"C:/Users/karla/Documents/GitHub/FreakGame_Over/Content/Props/Materials/Volumes/S_EV_SimpleLightBeam_03.ubulk" 1630
"C:/Users/karla/Documents/GitHub/FreakGame_Over/Content/Props/Materials/Volumes/S_EV_SimpleLightBeam_03.uasset" 1631
"C:/Users/karla/Documents/GitHub/FreakGame_Over/Content/Props/Materials/Volumes/S_EV_SimpleLightBeam_03.uexp" 1632
"C:/Users/karla/Documents/GitHub/FreakGame_Over/Content/Levels/Lvl_theater.uexp" 1633
"C:/Users/karla/Documents/GitHub/FreakGame_Over/Content/Levels/Lvl_theater.umap" 1634
